# source=D&D 5e Basic Rules (2014); extraction=1; chapter=https://www.dndbeyond.com/sources/dnd/basic-rules-2014/spells
id	name	sourceUrl	level	castingTime	rangeArea	components	duration	school	attackSave	damageEffect	ownerPlans	ownerEvidence
spell-1989-acid-splash	Acid Splash	https://www.dndbeyond.com/spells/1989-acid-splash	Cantrip	1 Action	60 ft.	V, S	Instantaneous	Conjuration	DEX Save	Acid	368,369	#368: 기본 효과와 비용; #369: 여러 대상 또는 공간 지정
spell-1990-aid	Aid	https://www.dndbeyond.com/spells/1990-aid	2nd	1 Action	30 ft.	V, S, M *	8 Hours	Abjuration	None	Buff	368,369,370	#368: 기본 효과와 비용; #369: 여러 대상 또는 공간 지정; #370: 시전 시점·지속·집중·발동·높은 등급 주문 슬롯
spell-1991-alarm	Alarm	https://www.dndbeyond.com/spells/1991-alarm	1st	1 Minute Ritual	30 ft.	V, S, M *	8 Hours	Abjuration	None	Detection	368,369,370,372	#368: 기본 효과와 비용; #369: 여러 대상 또는 공간 지정; #370: 시전 시점·지속·집중·발동·높은 등급 주문 슬롯; #372: 비전투 변화·생성·정보 확인
spell-1992-alter-self	Alter Self	https://www.dndbeyond.com/spells/1992-alter-self	2nd	1 Action	Self	V, S	Concentration 1 Hour	Transmutation	None	Shapechanging	368,370,372	#368: 기본 효과와 비용; #370: 시전 시점·지속·집중·발동·높은 등급 주문 슬롯; #372: 비전투 변화·생성·정보 확인
spell-1993-animal-friendship	Animal Friendship	https://www.dndbeyond.com/spells/1993-animal-friendship	1st	1 Action	30 ft.	V, S, M *	24 Hours	Enchantment	WIS Save	Charmed	368,370	#368: 기본 효과와 비용; #370: 시전 시점·지속·집중·발동·높은 등급 주문 슬롯
spell-1994-animal-messenger	Animal Messenger	https://www.dndbeyond.com/spells/1994-animal-messenger	2nd	1 Action Ritual	30 ft.	V, S, M *	24 Hours	Enchantment	None	Communication (...)	368,370,372	#368: 기본 효과와 비용; #370: 시전 시점·지속·집중·발동·높은 등급 주문 슬롯; #372: 비전투 변화·생성·정보 확인
spell-1995-animal-shapes	Animal Shapes	https://www.dndbeyond.com/spells/1995-animal-shapes	8th	1 Action	30 ft.	V, S	Concentration 24 Hours	Transmutation	None	Shapechanging	368,370,372	#368: 기본 효과와 비용; #370: 시전 시점·지속·집중·발동·높은 등급 주문 슬롯; #372: 비전투 변화·생성·정보 확인
spell-1996-animate-dead	Animate Dead	https://www.dndbeyond.com/spells/1996-animate-dead	3rd	1 Minute	10 ft.	V, S, M *	Instantaneous	Necromancy	None	Creation	368,370,371,372	#368: 기본 효과와 비용; #370: 시전 시점·지속·집중·발동·높은 등급 주문 슬롯; #371: 소환 또는 생물 조종; #372: 비전투 변화·생성·정보 확인
spell-1997-animate-objects	Animate Objects	https://www.dndbeyond.com/spells/1997-animate-objects	5th	1 Action	120 ft.	V, S	Concentration 1 Minute	Transmutation	None	Creation (...)	368,369,370,371,372	#368: 기본 효과와 비용; #369: 여러 대상 또는 공간 지정; #370: 시전 시점·지속·집중·발동·높은 등급 주문 슬롯; #371: 소환 또는 생물 조종; #372: 비전투 변화·생성·정보 확인
spell-1998-antilife-shell	Antilife Shell	https://www.dndbeyond.com/spells/1998-antilife-shell	5th	1 Action	Self (10 ft. )	V, S	Concentration 1 Hour	Abjuration	None	Control (...)	368,369,370	#368: 기본 효과와 비용; #369: 여러 대상 또는 공간 지정; #370: 시전 시점·지속·집중·발동·높은 등급 주문 슬롯
spell-1999-antimagic-field	Antimagic Field	https://www.dndbeyond.com/spells/1999-antimagic-field	8th	1 Action	Self (10 ft. )	V, S, M *	Concentration 1 Hour	Abjuration	None	Control (...)	368,369,370	#368: 기본 효과와 비용; #369: 여러 대상 또는 공간 지정; #370: 시전 시점·지속·집중·발동·높은 등급 주문 슬롯
spell-2000-antipathy-sympathy	Antipathy/Sympathy	https://www.dndbeyond.com/spells/2000-antipathy-sympathy	8th	1 Hour	60 ft. (200 ft. )	V, S, M *	10 Days	Enchantment	WIS Save	Frightened	368,369,370	#368: 기본 효과와 비용; #369: 여러 대상 또는 공간 지정; #370: 시전 시점·지속·집중·발동·높은 등급 주문 슬롯
spell-2001-arcane-eye	Arcane Eye	https://www.dndbeyond.com/spells/2001-arcane-eye	4th	1 Action	30 ft.	V, S, M *	Concentration 1 Hour	Divination	None	Detection	368,370,372	#368: 기본 효과와 비용; #370: 시전 시점·지속·집중·발동·높은 등급 주문 슬롯; #372: 비전투 변화·생성·정보 확인
spell-2003-arcane-lock	Arcane Lock	https://www.dndbeyond.com/spells/2003-arcane-lock	2nd	1 Action	Touch	V, S, M *	Until Dispelled	Abjuration	None	Utility (...)	368,370,372	#368: 기본 효과와 비용; #370: 시전 시점·지속·집중·발동·높은 등급 주문 슬롯; #372: 비전투 변화·생성·정보 확인
spell-2006-astral-projection	Astral Projection	https://www.dndbeyond.com/spells/2006-astral-projection	9th	1 Hour	10 ft.	V, S, M *	Special	Necromancy	None	Teleportation	368,369,370,372	#368: 기본 효과와 비용; #369: 여러 대상 또는 공간 지정; #370: 시전 시점·지속·집중·발동·높은 등급 주문 슬롯; #372: 비전투 변화·생성·정보 확인
spell-2007-augury	Augury	https://www.dndbeyond.com/spells/2007-augury	2nd	1 Minute Ritual	Self	V, S, M *	Instantaneous	Divination	None	Foreknowledge	368,370,372	#368: 기본 효과와 비용; #370: 시전 시점·지속·집중·발동·높은 등급 주문 슬롯; #372: 비전투 변화·생성·정보 확인
spell-2008-awaken	Awaken	https://www.dndbeyond.com/spells/2008-awaken	5th	8 Hours	Touch	V, S, M *	Instantaneous	Transmutation	None	Charmed	368,370	#368: 기본 효과와 비용; #370: 시전 시점·지속·집중·발동·높은 등급 주문 슬롯
spell-2009-bane	Bane	https://www.dndbeyond.com/spells/2009-bane	1st	1 Action	30 ft.	V, S, M *	Concentration 1 Minute	Enchantment	CHA Save	Debuff	368,370	#368: 기본 효과와 비용; #370: 시전 시점·지속·집중·발동·높은 등급 주문 슬롯
spell-2010-banishment	Banishment	https://www.dndbeyond.com/spells/2010-banishment	4th	1 Action	60 ft.	V, S, M *	Concentration 1 Minute	Abjuration	CHA Save	Banishment (...)	368,370	#368: 기본 효과와 비용; #370: 시전 시점·지속·집중·발동·높은 등급 주문 슬롯
spell-2011-barkskin	Barkskin	https://www.dndbeyond.com/spells/2011-barkskin	2nd	1 Action	Touch	V, S, M *	Concentration 1 Hour	Transmutation	None	Buff (...)	368,370	#368: 기본 효과와 비용; #370: 시전 시점·지속·집중·발동·높은 등급 주문 슬롯
spell-2012-beacon-of-hope	Beacon of Hope	https://www.dndbeyond.com/spells/2012-beacon-of-hope	3rd	1 Action	30 ft.	V, S	Concentration 1 Minute	Abjuration	None	Buff	368,370	#368: 기본 효과와 비용; #370: 시전 시점·지속·집중·발동·높은 등급 주문 슬롯
spell-2013-bestow-curse	Bestow Curse	https://www.dndbeyond.com/spells/2013-bestow-curse	3rd	1 Action	Touch	V, S	Concentration 1 Minute	Necromancy	WIS Save	Debuff	368,370	#368: 기본 효과와 비용; #370: 시전 시점·지속·집중·발동·높은 등급 주문 슬롯
spell-2015-blade-barrier	Blade Barrier	https://www.dndbeyond.com/spells/2015-blade-barrier	6th	1 Action	90 ft.	V, S	Concentration 10 Minutes	Evocation	DEX Save	Slashing	368,370	#368: 기본 효과와 비용; #370: 시전 시점·지속·집중·발동·높은 등급 주문 슬롯
spell-2016-bless	Bless	https://www.dndbeyond.com/spells/2016-bless	1st	1 Action	30 ft.	V, S, M *	Concentration 1 Minute	Enchantment	None	Buff	368,370	#368: 기본 효과와 비용; #370: 시전 시점·지속·집중·발동·높은 등급 주문 슬롯
spell-2017-blight	Blight	https://www.dndbeyond.com/spells/2017-blight	4th	1 Action	30 ft.	V, S	Instantaneous	Necromancy	CON Save	Necrotic	368,370	#368: 기본 효과와 비용; #370: 시전 시점·지속·집중·발동·높은 등급 주문 슬롯
spell-2018-blindness-deafness	Blindness/Deafness	https://www.dndbeyond.com/spells/2018-blindness-deafness	2nd	1 Action	30 ft.	V	1 Minute	Necromancy	CON Save	Blinded (...)	368,369,370	#368: 기본 효과와 비용; #369: 여러 대상 또는 공간 지정; #370: 시전 시점·지속·집중·발동·높은 등급 주문 슬롯
spell-2019-blink	Blink	https://www.dndbeyond.com/spells/2019-blink	3rd	1 Action	Self	V, S	1 Minute	Transmutation	None	Utility	368,370,372	#368: 기본 효과와 비용; #370: 시전 시점·지속·집중·발동·높은 등급 주문 슬롯; #372: 비전투 변화·생성·정보 확인
spell-2020-blur	Blur	https://www.dndbeyond.com/spells/2020-blur	2nd	1 Action	Self	V	Concentration 1 Minute	Illusion	None	Deception (...)	368,370,372	#368: 기본 효과와 비용; #370: 시전 시점·지속·집중·발동·높은 등급 주문 슬롯; #372: 비전투 변화·생성·정보 확인
spell-2326-branding-smite	Branding Smite	https://www.dndbeyond.com/spells/2326-branding-smite	2nd	1 Bonus Action	Self	V	Concentration 1 Minute	Evocation	None	Radiant	368,369,370	#368: 기본 효과와 비용; #369: 여러 대상 또는 공간 지정; #370: 시전 시점·지속·집중·발동·높은 등급 주문 슬롯
spell-2021-burning-hands	Burning Hands	https://www.dndbeyond.com/spells/2021-burning-hands	1st	1 Action	Self (15 ft. )	V, S	Instantaneous	Evocation	DEX Save	Fire	368,369,370	#368: 기본 효과와 비용; #369: 여러 대상 또는 공간 지정; #370: 시전 시점·지속·집중·발동·높은 등급 주문 슬롯
spell-2022-call-lightning	Call Lightning	https://www.dndbeyond.com/spells/2022-call-lightning	3rd	1 Action	120 ft. (60 ft. *)	V, S	Concentration 10 Minutes	Conjuration	DEX Save	Lightning (...)	368,369,370	#368: 기본 효과와 비용; #369: 여러 대상 또는 공간 지정; #370: 시전 시점·지속·집중·발동·높은 등급 주문 슬롯
spell-2023-calm-emotions	Calm Emotions	https://www.dndbeyond.com/spells/2023-calm-emotions	2nd	1 Action	60 ft. (20 ft. )	V, S	Concentration 1 Minute	Enchantment	CHA Save	Charmed (...)	368,369,370	#368: 기본 효과와 비용; #369: 여러 대상 또는 공간 지정; #370: 시전 시점·지속·집중·발동·높은 등급 주문 슬롯
spell-2024-chain-lightning	Chain Lightning	https://www.dndbeyond.com/spells/2024-chain-lightning	6th	1 Action	150 ft.	V, S, M *	Instantaneous	Evocation	DEX Save	Lightning	368,370	#368: 기본 효과와 비용; #370: 시전 시점·지속·집중·발동·높은 등급 주문 슬롯
spell-2025-charm-person	Charm Person	https://www.dndbeyond.com/spells/2025-charm-person	1st	1 Action	30 ft.	V, S	1 Hour	Enchantment	WIS Save	Charmed	368,370	#368: 기본 효과와 비용; #370: 시전 시점·지속·집중·발동·높은 등급 주문 슬롯
spell-2026-chill-touch	Chill Touch	https://www.dndbeyond.com/spells/2026-chill-touch	Cantrip	1 Action	120 ft.	V, S	1 Round	Necromancy	Ranged	Necrotic	368,370	#368: 기본 효과와 비용; #370: 시전 시점·지속·집중·발동·높은 등급 주문 슬롯
spell-2027-circle-of-death	Circle of Death	https://www.dndbeyond.com/spells/2027-circle-of-death	6th	1 Action	150 ft. (60 ft. )	V, S, M *	Instantaneous	Necromancy	CON Save	Necrotic	368,369,370	#368: 기본 효과와 비용; #369: 여러 대상 또는 공간 지정; #370: 시전 시점·지속·집중·발동·높은 등급 주문 슬롯
spell-2028-clairvoyance	Clairvoyance	https://www.dndbeyond.com/spells/2028-clairvoyance	3rd	10 Minutes	1 mile	V, S, M *	Concentration 10 Minutes	Divination	None	Detection (...)	368,370,372	#368: 기본 효과와 비용; #370: 시전 시점·지속·집중·발동·높은 등급 주문 슬롯; #372: 비전투 변화·생성·정보 확인
spell-2029-clone	Clone	https://www.dndbeyond.com/spells/2029-clone	8th	1 Hour	Touch	V, S, M *	Instantaneous	Necromancy	None	Utility	368,370,372	#368: 기본 효과와 비용; #370: 시전 시점·지속·집중·발동·높은 등급 주문 슬롯; #372: 비전투 변화·생성·정보 확인
spell-2030-cloudkill	Cloudkill	https://www.dndbeyond.com/spells/2030-cloudkill	5th	1 Action	120 ft. (20 ft. )	V, S	Concentration 10 Minutes	Conjuration	CON Save	Poison	368,369,370	#368: 기본 효과와 비용; #369: 여러 대상 또는 공간 지정; #370: 시전 시점·지속·집중·발동·높은 등급 주문 슬롯
spell-2031-color-spray	Color Spray	https://www.dndbeyond.com/spells/2031-color-spray	1st	1 Action	Self (15 ft. )	V, S, M *	1 Round	Illusion	None	Blinded	368,369,370	#368: 기본 효과와 비용; #369: 여러 대상 또는 공간 지정; #370: 시전 시점·지속·집중·발동·높은 등급 주문 슬롯
spell-2032-command	Command	https://www.dndbeyond.com/spells/2032-command	1st	1 Action	60 ft.	V	1 Round	Enchantment	WIS Save	Prone	368,370	#368: 기본 효과와 비용; #370: 시전 시점·지속·집중·발동·높은 등급 주문 슬롯
spell-2033-commune	Commune	https://www.dndbeyond.com/spells/2033-commune	5th	1 Minute Ritual	Self	V, S, M *	1 Minute	Divination	None	Foreknowledge	368,370,372	#368: 기본 효과와 비용; #370: 시전 시점·지속·집중·발동·높은 등급 주문 슬롯; #372: 비전투 변화·생성·정보 확인
spell-2034-commune-with-nature	Commune with Nature	https://www.dndbeyond.com/spells/2034-commune-with-nature	5th	1 Minute Ritual	Self	V, S	Instantaneous	Divination	None	Environment (...)	368,369,370	#368: 기본 효과와 비용; #369: 여러 대상 또는 공간 지정; #370: 시전 시점·지속·집중·발동·높은 등급 주문 슬롯
spell-2035-comprehend-languages	Comprehend Languages	https://www.dndbeyond.com/spells/2035-comprehend-languages	1st	1 Action Ritual	Self	V, S, M *	1 Hour	Divination	None	Social	368,370,372	#368: 기본 효과와 비용; #370: 시전 시점·지속·집중·발동·높은 등급 주문 슬롯; #372: 비전투 변화·생성·정보 확인
spell-2036-compulsion	Compulsion	https://www.dndbeyond.com/spells/2036-compulsion	4th	1 Action	30 ft.	V, S	Concentration 1 Minute	Enchantment	WIS Save	Control	368,370	#368: 기본 효과와 비용; #370: 시전 시점·지속·집중·발동·높은 등급 주문 슬롯
spell-2037-cone-of-cold	Cone of Cold	https://www.dndbeyond.com/spells/2037-cone-of-cold	5th	1 Action	Self (60 ft. )	V, S, M *	Instantaneous	Evocation	CON Save	Cold	368,369,370	#368: 기본 효과와 비용; #369: 여러 대상 또는 공간 지정; #370: 시전 시점·지속·집중·발동·높은 등급 주문 슬롯
spell-2038-confusion	Confusion	https://www.dndbeyond.com/spells/2038-confusion	4th	1 Action	90 ft. (10 ft. )	V, S, M *	Concentration 1 Minute	Enchantment	WIS Save	Control	368,369,370	#368: 기본 효과와 비용; #369: 여러 대상 또는 공간 지정; #370: 시전 시점·지속·집중·발동·높은 등급 주문 슬롯
spell-2039-conjure-animals	Conjure Animals	https://www.dndbeyond.com/spells/2039-conjure-animals	3rd	1 Action	60 ft.	V, S	Concentration 1 Hour	Conjuration	None	Summoning	368,369,370,371	#368: 기본 효과와 비용; #369: 여러 대상 또는 공간 지정; #370: 시전 시점·지속·집중·발동·높은 등급 주문 슬롯; #371: 소환 또는 생물 조종
spell-2040-conjure-celestial	Conjure Celestial	https://www.dndbeyond.com/spells/2040-conjure-celestial	7th	1 Minute	90 ft.	V, S	Concentration 1 Hour	Conjuration	None	Summoning	368,370,371	#368: 기본 효과와 비용; #370: 시전 시점·지속·집중·발동·높은 등급 주문 슬롯; #371: 소환 또는 생물 조종
spell-2041-conjure-elemental	Conjure Elemental	https://www.dndbeyond.com/spells/2041-conjure-elemental	5th	1 Minute	90 ft.	V, S, M *	Concentration 1 Hour	Conjuration	None	Summoning	368,369,370,371	#368: 기본 효과와 비용; #369: 여러 대상 또는 공간 지정; #370: 시전 시점·지속·집중·발동·높은 등급 주문 슬롯; #371: 소환 또는 생물 조종
spell-2042-conjure-fey	Conjure Fey	https://www.dndbeyond.com/spells/2042-conjure-fey	6th	1 Minute	90 ft.	V, S	Concentration 1 Hour	Conjuration	None	Summoning	368,370,371	#368: 기본 효과와 비용; #370: 시전 시점·지속·집중·발동·높은 등급 주문 슬롯; #371: 소환 또는 생물 조종
spell-2043-conjure-minor-elementals	Conjure Minor Elementals	https://www.dndbeyond.com/spells/2043-conjure-minor-elementals	4th	1 Minute	90 ft.	V, S	Concentration 1 Hour	Conjuration	None	Summoning	368,369,370,371	#368: 기본 효과와 비용; #369: 여러 대상 또는 공간 지정; #370: 시전 시점·지속·집중·발동·높은 등급 주문 슬롯; #371: 소환 또는 생물 조종
spell-2044-conjure-woodland-beings	Conjure Woodland Beings	https://www.dndbeyond.com/spells/2044-conjure-woodland-beings	4th	1 Action	60 ft.	V, S, M *	Concentration 1 Hour	Conjuration	None	Summoning	368,369,370,371	#368: 기본 효과와 비용; #369: 여러 대상 또는 공간 지정; #370: 시전 시점·지속·집중·발동·높은 등급 주문 슬롯; #371: 소환 또는 생물 조종
spell-2045-contact-other-plane	Contact Other Plane	https://www.dndbeyond.com/spells/2045-contact-other-plane	5th	1 Minute Ritual	Self	V	1 Minute	Divination	None	Communication (...)	368,370,372	#368: 기본 효과와 비용; #370: 시전 시점·지속·집중·발동·높은 등급 주문 슬롯; #372: 비전투 변화·생성·정보 확인
spell-2046-contagion	Contagion	https://www.dndbeyond.com/spells/2046-contagion	5th	1 Action	Touch	V, S	7 Days	Necromancy	CON Save	Blinded (...)	368,370	#368: 기본 효과와 비용; #370: 시전 시점·지속·집중·발동·높은 등급 주문 슬롯
spell-2047-contingency	Contingency	https://www.dndbeyond.com/spells/2047-contingency	6th	10 Minutes	Self	V, S, M *	10 Days	Evocation	None	Utility	368,370,372	#368: 기본 효과와 비용; #370: 시전 시점·지속·집중·발동·높은 등급 주문 슬롯; #372: 비전투 변화·생성·정보 확인
spell-2048-continual-flame	Continual Flame	https://www.dndbeyond.com/spells/2048-continual-flame	2nd	1 Action	Touch	V, S, M *	Until Dispelled	Evocation	None	Creation	368,370,372	#368: 기본 효과와 비용; #370: 시전 시점·지속·집중·발동·높은 등급 주문 슬롯; #372: 비전투 변화·생성·정보 확인
spell-2049-control-water	Control Water	https://www.dndbeyond.com/spells/2049-control-water	4th	1 Action	300 ft.	V, S, M *	Concentration 10 Minutes	Transmutation	STR Save	Bludgeoning	368,369,370	#368: 기본 효과와 비용; #369: 여러 대상 또는 공간 지정; #370: 시전 시점·지속·집중·발동·높은 등급 주문 슬롯
spell-2050-control-weather	Control Weather	https://www.dndbeyond.com/spells/2050-control-weather	8th	10 Minutes	Self (5 miles )	V, S, M *	Concentration 8 Hours	Transmutation	None	Control (...)	368,370	#368: 기본 효과와 비용; #370: 시전 시점·지속·집중·발동·높은 등급 주문 슬롯
spell-2051-counterspell	Counterspell	https://www.dndbeyond.com/spells/2051-counterspell	3rd	1 Reaction *	60 ft.	S	Instantaneous	Abjuration	None	Negation	368,370	#368: 기본 효과와 비용; #370: 시전 시점·지속·집중·발동·높은 등급 주문 슬롯
spell-2052-create-food-and-water	Create Food and Water	https://www.dndbeyond.com/spells/2052-create-food-and-water	3rd	1 Action	30 ft.	V, S	Instantaneous	Conjuration	None	Creation	368,372	#368: 기본 효과와 비용; #372: 비전투 변화·생성·정보 확인
spell-2053-create-or-destroy-water	Create or Destroy Water	https://www.dndbeyond.com/spells/2053-create-or-destroy-water	1st	1 Action	30 ft. (30 ft. )	V, S, M *	Instantaneous	Transmutation	None	Creation	368,369,370,372	#368: 기본 효과와 비용; #369: 여러 대상 또는 공간 지정; #370: 시전 시점·지속·집중·발동·높은 등급 주문 슬롯; #372: 비전투 변화·생성·정보 확인
spell-2054-create-undead	Create Undead	https://www.dndbeyond.com/spells/2054-create-undead	6th	1 Minute	10 ft.	V, S, M *	Instantaneous	Necromancy	None	Control (...)	368,370,371	#368: 기본 효과와 비용; #370: 시전 시점·지속·집중·발동·높은 등급 주문 슬롯; #371: 소환 또는 생물 조종
spell-2055-creation	Creation	https://www.dndbeyond.com/spells/2055-creation	5th	1 Minute	30 ft. (5 ft. )	V, S, M *	Special	Illusion	None	Creation	368,369,370,372	#368: 기본 효과와 비용; #369: 여러 대상 또는 공간 지정; #370: 시전 시점·지속·집중·발동·높은 등급 주문 슬롯; #372: 비전투 변화·생성·정보 확인
spell-2056-cure-wounds	Cure Wounds	https://www.dndbeyond.com/spells/2056-cure-wounds	1st	1 Action	Touch	V, S	Instantaneous	Evocation	None	Healing	368,370	#368: 기본 효과와 비용; #370: 시전 시점·지속·집중·발동·높은 등급 주문 슬롯
spell-2057-dancing-lights	Dancing Lights	https://www.dndbeyond.com/spells/2057-dancing-lights	Cantrip	1 Action	120 ft.	V, S, M *	Concentration 1 Minute	Evocation	None	Utility	368,369,370,372	#368: 기본 효과와 비용; #369: 여러 대상 또는 공간 지정; #370: 시전 시점·지속·집중·발동·높은 등급 주문 슬롯; #372: 비전투 변화·생성·정보 확인
spell-2058-darkness	Darkness	https://www.dndbeyond.com/spells/2058-darkness	2nd	1 Action	60 ft. (15 ft. )	V, M *	Concentration 10 Minutes	Evocation	None	Control	368,369,370	#368: 기본 효과와 비용; #369: 여러 대상 또는 공간 지정; #370: 시전 시점·지속·집중·발동·높은 등급 주문 슬롯
spell-2059-darkvision	Darkvision	https://www.dndbeyond.com/spells/2059-darkvision	2nd	1 Action	Touch	V, S, M *	8 Hours	Transmutation	None	Buff	368,370	#368: 기본 효과와 비용; #370: 시전 시점·지속·집중·발동·높은 등급 주문 슬롯
spell-2060-daylight	Daylight	https://www.dndbeyond.com/spells/2060-daylight	3rd	1 Action	60 ft. (60 ft. )	V, S	1 Hour	Evocation	None	Control	368,369,370	#368: 기본 효과와 비용; #369: 여러 대상 또는 공간 지정; #370: 시전 시점·지속·집중·발동·높은 등급 주문 슬롯
spell-2061-death-ward	Death Ward	https://www.dndbeyond.com/spells/2061-death-ward	4th	1 Action	Touch	V, S	8 Hours	Abjuration	None	Buff (...)	368,370	#368: 기본 효과와 비용; #370: 시전 시점·지속·집중·발동·높은 등급 주문 슬롯
spell-2062-delayed-blast-fireball	Delayed Blast Fireball	https://www.dndbeyond.com/spells/2062-delayed-blast-fireball	7th	1 Action	150 ft. (20 ft. )	V, S, M *	Concentration 1 Minute	Evocation	DEX Save	Fire (...)	368,369,370	#368: 기본 효과와 비용; #369: 여러 대상 또는 공간 지정; #370: 시전 시점·지속·집중·발동·높은 등급 주문 슬롯
spell-2063-demiplane	Demiplane	https://www.dndbeyond.com/spells/2063-demiplane	8th	1 Action	60 ft.	S	1 Hour	Conjuration	None	Utility	368,370,372	#368: 기본 효과와 비용; #370: 시전 시점·지속·집중·발동·높은 등급 주문 슬롯; #372: 비전투 변화·생성·정보 확인
spell-2064-detect-evil-and-good	Detect Evil and Good	https://www.dndbeyond.com/spells/2064-detect-evil-and-good	1st	1 Action	Self (30 ft. )	V, S	Concentration 10 Minutes	Divination	None	Detection	368,370,372	#368: 기본 효과와 비용; #370: 시전 시점·지속·집중·발동·높은 등급 주문 슬롯; #372: 비전투 변화·생성·정보 확인
spell-2065-detect-magic	Detect Magic	https://www.dndbeyond.com/spells/2065-detect-magic	1st	1 Action Ritual	Self (30 ft. )	V, S	Concentration 10 Minutes	Divination	None	Detection	368,370,372	#368: 기본 효과와 비용; #370: 시전 시점·지속·집중·발동·높은 등급 주문 슬롯; #372: 비전투 변화·생성·정보 확인
spell-2066-detect-poison-and-disease	Detect Poison and Disease	https://www.dndbeyond.com/spells/2066-detect-poison-and-disease	1st	1 Action Ritual	Self (30 ft. )	V, S, M *	Concentration 10 Minutes	Divination	None	Detection	368,370,372	#368: 기본 효과와 비용; #370: 시전 시점·지속·집중·발동·높은 등급 주문 슬롯; #372: 비전투 변화·생성·정보 확인
spell-2067-detect-thoughts	Detect Thoughts	https://www.dndbeyond.com/spells/2067-detect-thoughts	2nd	1 Action	Self	V, S, M *	Concentration 1 Minute	Divination	WIS Save	Detection (...)	368,370,372	#368: 기본 효과와 비용; #370: 시전 시점·지속·집중·발동·높은 등급 주문 슬롯; #372: 비전투 변화·생성·정보 확인
spell-2068-dimension-door	Dimension Door	https://www.dndbeyond.com/spells/2068-dimension-door	4th	1 Action	500 ft.	V	Instantaneous	Conjuration	None	Teleportation	368,372	#368: 기본 효과와 비용; #372: 비전투 변화·생성·정보 확인
spell-2069-disguise-self	Disguise Self	https://www.dndbeyond.com/spells/2069-disguise-self	1st	1 Action	Self	V, S	1 Hour	Illusion	None	Shapechanging	368,370,372	#368: 기본 효과와 비용; #370: 시전 시점·지속·집중·발동·높은 등급 주문 슬롯; #372: 비전투 변화·생성·정보 확인
spell-2070-disintegrate	Disintegrate	https://www.dndbeyond.com/spells/2070-disintegrate	6th	1 Action	60 ft.	V, S, M *	Instantaneous	Transmutation	DEX Save	Force	368,369,370	#368: 기본 효과와 비용; #369: 여러 대상 또는 공간 지정; #370: 시전 시점·지속·집중·발동·높은 등급 주문 슬롯
spell-2071-dispel-evil-and-good	Dispel Evil and Good	https://www.dndbeyond.com/spells/2071-dispel-evil-and-good	5th	1 Action	Self	V, S, M *	Concentration 1 Minute	Abjuration	CHA Save	Charmed (...)	368,370	#368: 기본 효과와 비용; #370: 시전 시점·지속·집중·발동·높은 등급 주문 슬롯
spell-2072-dispel-magic	Dispel Magic	https://www.dndbeyond.com/spells/2072-dispel-magic	3rd	1 Action	120 ft.	V, S	Instantaneous	Abjuration	None	Control	368,369,370	#368: 기본 효과와 비용; #369: 여러 대상 또는 공간 지정; #370: 시전 시점·지속·집중·발동·높은 등급 주문 슬롯
spell-2073-divination	Divination	https://www.dndbeyond.com/spells/2073-divination	4th	1 Action Ritual	Self	V, S, M *	Instantaneous	Divination	None	Foreknowledge	368,370,372	#368: 기본 효과와 비용; #370: 시전 시점·지속·집중·발동·높은 등급 주문 슬롯; #372: 비전투 변화·생성·정보 확인
spell-2074-divine-favor	Divine Favor	https://www.dndbeyond.com/spells/2074-divine-favor	1st	1 Bonus Action	Self	V, S	Concentration 1 Minute	Evocation	None	Radiant	368,370	#368: 기본 효과와 비용; #370: 시전 시점·지속·집중·발동·높은 등급 주문 슬롯
spell-2075-divine-word	Divine Word	https://www.dndbeyond.com/spells/2075-divine-word	7th	1 Bonus Action	30 ft.	V	Instantaneous	Evocation	CHA Save	Deafened (...)	368,369,370	#368: 기본 효과와 비용; #369: 여러 대상 또는 공간 지정; #370: 시전 시점·지속·집중·발동·높은 등급 주문 슬롯
spell-2076-dominate-beast	Dominate Beast	https://www.dndbeyond.com/spells/2076-dominate-beast	4th	1 Action	60 ft.	V, S	Concentration 1 Minute	Enchantment	WIS Save	Charmed	368,370	#368: 기본 효과와 비용; #370: 시전 시점·지속·집중·발동·높은 등급 주문 슬롯
spell-2077-dominate-monster	Dominate Monster	https://www.dndbeyond.com/spells/2077-dominate-monster	8th	1 Action	60 ft.	V, S	Concentration 1 Hour	Enchantment	WIS Save	Charmed	368,370	#368: 기본 효과와 비용; #370: 시전 시점·지속·집중·발동·높은 등급 주문 슬롯
spell-2078-dominate-person	Dominate Person	https://www.dndbeyond.com/spells/2078-dominate-person	5th	1 Action	60 ft.	V, S	Concentration 1 Minute	Enchantment	WIS Save	Charmed	368,370	#368: 기본 효과와 비용; #370: 시전 시점·지속·집중·발동·높은 등급 주문 슬롯
spell-2079-dream	Dream	https://www.dndbeyond.com/spells/2079-dream	5th	1 Minute	Self	V, S, M *	8 Hours	Illusion	WIS Save	Communication (...)	368,370,372	#368: 기본 효과와 비용; #370: 시전 시점·지속·집중·발동·높은 등급 주문 슬롯; #372: 비전투 변화·생성·정보 확인
spell-2080-druidcraft	Druidcraft	https://www.dndbeyond.com/spells/2080-druidcraft	Cantrip	1 Action	30 ft.	V, S	Instantaneous	Transmutation	None	Control	368,369	#368: 기본 효과와 비용; #369: 여러 대상 또는 공간 지정
spell-2081-earthquake	Earthquake	https://www.dndbeyond.com/spells/2081-earthquake	8th	1 Action	500 ft.	V, S, M *	Concentration 1 Minute	Evocation	DEX Save	Bludgeoning	368,369,370	#368: 기본 효과와 비용; #369: 여러 대상 또는 공간 지정; #370: 시전 시점·지속·집중·발동·높은 등급 주문 슬롯
spell-2082-eldritch-blast	Eldritch Blast	https://www.dndbeyond.com/spells/2082-eldritch-blast	Cantrip	1 Action	120 ft.	V, S	Instantaneous	Evocation	Ranged	Force	368	#368: 기본 효과와 비용
spell-2083-enhance-ability	Enhance Ability	https://www.dndbeyond.com/spells/2083-enhance-ability	2nd	1 Action	Touch	V, S, M *	Concentration 1 Hour	Transmutation	None	Buff	368,370	#368: 기본 효과와 비용; #370: 시전 시점·지속·집중·발동·높은 등급 주문 슬롯
spell-2084-enlarge-reduce	Enlarge/Reduce	https://www.dndbeyond.com/spells/2084-enlarge-reduce	2nd	1 Action	30 ft.	V, S, M *	Concentration 1 Minute	Transmutation	CON Save	Buff	368,370	#368: 기본 효과와 비용; #370: 시전 시점·지속·집중·발동·높은 등급 주문 슬롯
spell-2085-entangle	Entangle	https://www.dndbeyond.com/spells/2085-entangle	1st	1 Action	90 ft. (20 ft. )	V, S	Concentration 1 Minute	Conjuration	STR Save	Restrained	368,370	#368: 기본 효과와 비용; #370: 시전 시점·지속·집중·발동·높은 등급 주문 슬롯
spell-2086-enthrall	Enthrall	https://www.dndbeyond.com/spells/2086-enthrall	2nd	1 Action	60 ft.	V, S	1 Minute	Enchantment	WIS Save	Control	368,370	#368: 기본 효과와 비용; #370: 시전 시점·지속·집중·발동·높은 등급 주문 슬롯
spell-2087-etherealness	Etherealness	https://www.dndbeyond.com/spells/2087-etherealness	7th	1 Action	Self	V, S	8 Hours	Transmutation	None	Buff (...)	368,370	#368: 기본 효과와 비용; #370: 시전 시점·지속·집중·발동·높은 등급 주문 슬롯
spell-2088-expeditious-retreat	Expeditious Retreat	https://www.dndbeyond.com/spells/2088-expeditious-retreat	1st	1 Bonus Action	Self	V, S	Concentration 10 Minutes	Transmutation	None	Movement	368,370,372	#368: 기본 효과와 비용; #370: 시전 시점·지속·집중·발동·높은 등급 주문 슬롯; #372: 비전투 변화·생성·정보 확인
spell-2089-eyebite	Eyebite	https://www.dndbeyond.com/spells/2089-eyebite	6th	1 Action	Self	V, S	Concentration 1 Minute	Necromancy	WIS Save	Unconscious (...)	368,370	#368: 기본 효과와 비용; #370: 시전 시점·지속·집중·발동·높은 등급 주문 슬롯
spell-2090-fabricate	Fabricate	https://www.dndbeyond.com/spells/2090-fabricate	4th	10 Minutes	120 ft. ()	V, S	Instantaneous	Transmutation	None	Creation	368,369,370,372	#368: 기본 효과와 비용; #369: 여러 대상 또는 공간 지정; #370: 시전 시점·지속·집중·발동·높은 등급 주문 슬롯; #372: 비전투 변화·생성·정보 확인
spell-2091-faerie-fire	Faerie Fire	https://www.dndbeyond.com/spells/2091-faerie-fire	1st	1 Action	60 ft. (20 ft. )	V	Concentration 1 Minute	Evocation	DEX Save	Debuff	368,369,370	#368: 기본 효과와 비용; #369: 여러 대상 또는 공간 지정; #370: 시전 시점·지속·집중·발동·높은 등급 주문 슬롯
spell-2093-false-life	False Life	https://www.dndbeyond.com/spells/2093-false-life	1st	1 Action	Self	V, S, M *	1 Hour	Necromancy	None	Buff	368,370	#368: 기본 효과와 비용; #370: 시전 시점·지속·집중·발동·높은 등급 주문 슬롯
spell-2094-fear	Fear	https://www.dndbeyond.com/spells/2094-fear	3rd	1 Action	Self (30 ft. )	V, S, M *	Concentration 1 Minute	Illusion	WIS Save	Frightened	368,369,370	#368: 기본 효과와 비용; #369: 여러 대상 또는 공간 지정; #370: 시전 시점·지속·집중·발동·높은 등급 주문 슬롯
spell-2095-feather-fall	Feather Fall	https://www.dndbeyond.com/spells/2095-feather-fall	1st	1 Reaction *	60 ft.	V, M **	1 Minute	Transmutation	None	Exploration (...)	368,369,370,372	#368: 기본 효과와 비용; #369: 여러 대상 또는 공간 지정; #370: 시전 시점·지속·집중·발동·높은 등급 주문 슬롯; #372: 비전투 변화·생성·정보 확인
spell-2096-feeblemind	Feeblemind	https://www.dndbeyond.com/spells/2096-feeblemind	8th	1 Action	150 ft.	V, S, M *	Instantaneous	Enchantment	INT Save	Psychic	368	#368: 기본 효과와 비용
spell-2097-find-familiar	Find Familiar	https://www.dndbeyond.com/spells/2097-find-familiar	1st	1 Hour Ritual	10 ft.	V, S, M *	Instantaneous	Conjuration	None	Summoning	368,370,371,372	#368: 기본 효과와 비용; #370: 시전 시점·지속·집중·발동·높은 등급 주문 슬롯; #371: 소환 또는 생물 조종; #372: 비전투 변화·생성·정보 확인
spell-2098-find-steed	Find Steed	https://www.dndbeyond.com/spells/2098-find-steed	2nd	10 Minutes	30 ft.	V, S	Instantaneous	Conjuration	None	Summoning	368,370,371,372	#368: 기본 효과와 비용; #370: 시전 시점·지속·집중·발동·높은 등급 주문 슬롯; #371: 소환 또는 생물 조종; #372: 비전투 변화·생성·정보 확인
spell-2099-find-the-path	Find the Path	https://www.dndbeyond.com/spells/2099-find-the-path	6th	1 Minute	Self	V, S, M *	Concentration 1 Day	Divination	None	Detection	368,370,372	#368: 기본 효과와 비용; #370: 시전 시점·지속·집중·발동·높은 등급 주문 슬롯; #372: 비전투 변화·생성·정보 확인
spell-2100-find-traps	Find Traps	https://www.dndbeyond.com/spells/2100-find-traps	2nd	1 Action	120 ft.	V, S	Instantaneous	Divination	None	Detection	368,369,372	#368: 기본 효과와 비용; #369: 여러 대상 또는 공간 지정; #372: 비전투 변화·생성·정보 확인
spell-2101-finger-of-death	Finger of Death	https://www.dndbeyond.com/spells/2101-finger-of-death	7th	1 Action	60 ft.	V, S	Instantaneous	Necromancy	CON Save	Necrotic	368	#368: 기본 효과와 비용
spell-2103-fire-bolt	Fire Bolt	https://www.dndbeyond.com/spells/2103-fire-bolt	Cantrip	1 Action	120 ft.	V, S	Instantaneous	Evocation	Ranged	Fire	368	#368: 기본 효과와 비용
spell-2104-fire-shield	Fire Shield	https://www.dndbeyond.com/spells/2104-fire-shield	4th	1 Action	Self	V, S, M *	10 Minutes	Evocation	None	Fire (...)	368,369,370	#368: 기본 효과와 비용; #369: 여러 대상 또는 공간 지정; #370: 시전 시점·지속·집중·발동·높은 등급 주문 슬롯
spell-2105-fire-storm	Fire Storm	https://www.dndbeyond.com/spells/2105-fire-storm	7th	1 Action	150 ft.	V, S	Instantaneous	Evocation	DEX Save	Fire	368,369	#368: 기본 효과와 비용; #369: 여러 대상 또는 공간 지정
spell-2102-fireball	Fireball	https://www.dndbeyond.com/spells/2102-fireball	3rd	1 Action	150 ft. (20 ft. )	V, S, M *	Instantaneous	Evocation	DEX Save	Fire	368,369,370	#368: 기본 효과와 비용; #369: 여러 대상 또는 공간 지정; #370: 시전 시점·지속·집중·발동·높은 등급 주문 슬롯
spell-2106-flame-blade	Flame Blade	https://www.dndbeyond.com/spells/2106-flame-blade	2nd	1 Bonus Action	Self	V, S, M *	Concentration 10 Minutes	Evocation	Melee	Fire	368,369,370	#368: 기본 효과와 비용; #369: 여러 대상 또는 공간 지정; #370: 시전 시점·지속·집중·발동·높은 등급 주문 슬롯
spell-2107-flame-strike	Flame Strike	https://www.dndbeyond.com/spells/2107-flame-strike	5th	1 Action	60 ft. (10 ft. *)	V, S, M *	Instantaneous	Evocation	DEX Save	Fire (...)	368,369,370	#368: 기본 효과와 비용; #369: 여러 대상 또는 공간 지정; #370: 시전 시점·지속·집중·발동·높은 등급 주문 슬롯
spell-2108-flaming-sphere	Flaming Sphere	https://www.dndbeyond.com/spells/2108-flaming-sphere	2nd	1 Action	60 ft. (5 ft. )	V, S, M *	Concentration 1 Minute	Conjuration	DEX Save	Fire	368,369,370	#368: 기본 효과와 비용; #369: 여러 대상 또는 공간 지정; #370: 시전 시점·지속·집중·발동·높은 등급 주문 슬롯
spell-2109-flesh-to-stone	Flesh to Stone	https://www.dndbeyond.com/spells/2109-flesh-to-stone	6th	1 Action	60 ft.	V, S, M *	Concentration 1 Minute	Transmutation	CON Save	Petrified	368,370	#368: 기본 효과와 비용; #370: 시전 시점·지속·집중·발동·높은 등급 주문 슬롯
spell-2111-fly	Fly	https://www.dndbeyond.com/spells/2111-fly	3rd	1 Action	Touch	V, S, M *	Concentration 10 Minutes	Transmutation	None	Movement	368,370,372	#368: 기본 효과와 비용; #370: 시전 시점·지속·집중·발동·높은 등급 주문 슬롯; #372: 비전투 변화·생성·정보 확인
spell-2112-fog-cloud	Fog Cloud	https://www.dndbeyond.com/spells/2112-fog-cloud	1st	1 Action	120 ft. (20 ft. )	V, S	Concentration 1 Hour	Conjuration	None	Control (...)	368,369,370	#368: 기본 효과와 비용; #369: 여러 대상 또는 공간 지정; #370: 시전 시점·지속·집중·발동·높은 등급 주문 슬롯
spell-2113-forbiddance	Forbiddance	https://www.dndbeyond.com/spells/2113-forbiddance	6th	10 Minutes Ritual	Touch (40,000 ft.2)	V, S, M *	1 Day	Abjuration	None	Radiant (...)	368,370	#368: 기본 효과와 비용; #370: 시전 시점·지속·집중·발동·높은 등급 주문 슬롯
spell-2114-forcecage	Forcecage	https://www.dndbeyond.com/spells/2114-forcecage	7th	1 Action	100 ft. (*)	V, S, M *	1 Hour	Evocation	CHA Save	Control (...)	368,369,370	#368: 기본 효과와 비용; #369: 여러 대상 또는 공간 지정; #370: 시전 시점·지속·집중·발동·높은 등급 주문 슬롯
spell-2115-foresight	Foresight	https://www.dndbeyond.com/spells/2115-foresight	9th	1 Minute	Touch	V, S, M *	8 Hours	Divination	None	Buff (...)	368,370	#368: 기본 효과와 비용; #370: 시전 시점·지속·집중·발동·높은 등급 주문 슬롯
spell-2116-freedom-of-movement	Freedom of Movement	https://www.dndbeyond.com/spells/2116-freedom-of-movement	4th	1 Action	Touch	V, S, M *	1 Hour	Abjuration	None	Buff (...)	368,370	#368: 기본 효과와 비용; #370: 시전 시점·지속·집중·발동·높은 등급 주문 슬롯
spell-2118-gaseous-form	Gaseous Form	https://www.dndbeyond.com/spells/2118-gaseous-form	3rd	1 Action	Touch	V, S, M *	Concentration 1 Hour	Transmutation	None	Buff (...)	368,370	#368: 기본 효과와 비용; #370: 시전 시점·지속·집중·발동·높은 등급 주문 슬롯
spell-2119-gate	Gate	https://www.dndbeyond.com/spells/2119-gate	9th	1 Action	60 ft.	V, S, M *	Concentration 1 Minute	Conjuration	None	Control (...)	368,370,371	#368: 기본 효과와 비용; #370: 시전 시점·지속·집중·발동·높은 등급 주문 슬롯; #371: 소환 또는 생물 조종
spell-2120-geas	Geas	https://www.dndbeyond.com/spells/2120-geas	5th	1 Minute	60 ft.	V	30 Days	Enchantment	WIS Save	Charmed	368,370	#368: 기본 효과와 비용; #370: 시전 시점·지속·집중·발동·높은 등급 주문 슬롯
spell-2121-gentle-repose	Gentle Repose	https://www.dndbeyond.com/spells/2121-gentle-repose	2nd	1 Action Ritual	Touch	V, S, M *	10 Days	Necromancy	None	Warding	368,370	#368: 기본 효과와 비용; #370: 시전 시점·지속·집중·발동·높은 등급 주문 슬롯
spell-2122-giant-insect	Giant Insect	https://www.dndbeyond.com/spells/2122-giant-insect	4th	1 Action	30 ft.	V, S	Concentration 10 Minutes	Transmutation	None	Summoning	368,369,370,371	#368: 기본 효과와 비용; #369: 여러 대상 또는 공간 지정; #370: 시전 시점·지속·집중·발동·높은 등급 주문 슬롯; #371: 소환 또는 생물 조종
spell-2123-glibness	Glibness	https://www.dndbeyond.com/spells/2123-glibness	8th	1 Action	Self	V	1 Hour	Transmutation	None	Social	368,370,372	#368: 기본 효과와 비용; #370: 시전 시점·지속·집중·발동·높은 등급 주문 슬롯; #372: 비전투 변화·생성·정보 확인
spell-2124-globe-of-invulnerability	Globe of Invulnerability	https://www.dndbeyond.com/spells/2124-globe-of-invulnerability	6th	1 Action	Self (10 ft. )	V, S, M *	Concentration 1 Minute	Abjuration	None	Negation (...)	368,369,370	#368: 기본 효과와 비용; #369: 여러 대상 또는 공간 지정; #370: 시전 시점·지속·집중·발동·높은 등급 주문 슬롯
spell-2125-glyph-of-warding	Glyph of Warding	https://www.dndbeyond.com/spells/2125-glyph-of-warding	3rd	1 Hour	Touch	V, S, M *	Until Dispelled or Triggered	Abjuration	DEX Save	Acid (...)	368,369,370	#368: 기본 효과와 비용; #369: 여러 대상 또는 공간 지정; #370: 시전 시점·지속·집중·발동·높은 등급 주문 슬롯
spell-2126-goodberry	Goodberry	https://www.dndbeyond.com/spells/2126-goodberry	1st	1 Action	Touch	V, S, M *	Instantaneous	Transmutation	None	Healing	368	#368: 기본 효과와 비용
spell-2127-grease	Grease	https://www.dndbeyond.com/spells/2127-grease	1st	1 Action	60 ft. (10 ft. )	V, S, M *	1 Minute	Conjuration	DEX Save	Prone	368,369,370	#368: 기본 효과와 비용; #369: 여러 대상 또는 공간 지정; #370: 시전 시점·지속·집중·발동·높은 등급 주문 슬롯
spell-2128-greater-invisibility	Greater Invisibility	https://www.dndbeyond.com/spells/2128-greater-invisibility	4th	1 Action	Touch	V, S	Concentration 1 Minute	Illusion	None	Invisible	368,370	#368: 기본 효과와 비용; #370: 시전 시점·지속·집중·발동·높은 등급 주문 슬롯
spell-2129-greater-restoration	Greater Restoration	https://www.dndbeyond.com/spells/2129-greater-restoration	5th	1 Action	Touch	V, S, M *	Instantaneous	Abjuration	None	Healing	368	#368: 기본 효과와 비용
spell-2130-guardian-of-faith	Guardian of Faith	https://www.dndbeyond.com/spells/2130-guardian-of-faith	4th	1 Action	30 ft.	V	8 Hours	Conjuration	DEX Save	Radiant	368,370	#368: 기본 효과와 비용; #370: 시전 시점·지속·집중·발동·높은 등급 주문 슬롯
spell-2131-guards-and-wards	Guards and Wards	https://www.dndbeyond.com/spells/2131-guards-and-wards	6th	10 Minutes	Touch (2,500 ft.2)	V, S, M *	24 Hours	Abjuration	None	Control (...)	368,370	#368: 기본 효과와 비용; #370: 시전 시점·지속·집중·발동·높은 등급 주문 슬롯
spell-2132-guidance	Guidance	https://www.dndbeyond.com/spells/2132-guidance	Cantrip	1 Action	Touch	V, S	Concentration 1 Minute	Divination	None	Buff	368,370	#368: 기본 효과와 비용; #370: 시전 시점·지속·집중·발동·높은 등급 주문 슬롯
spell-2133-guiding-bolt	Guiding Bolt	https://www.dndbeyond.com/spells/2133-guiding-bolt	1st	1 Action	120 ft.	V, S	1 Round	Evocation	Ranged	Radiant	368,370	#368: 기본 효과와 비용; #370: 시전 시점·지속·집중·발동·높은 등급 주문 슬롯
spell-2134-gust-of-wind	Gust of Wind	https://www.dndbeyond.com/spells/2134-gust-of-wind	2nd	1 Action	Self	V, S, M *	Concentration 1 Minute	Evocation	STR Save	Control	368,369,370	#368: 기본 효과와 비용; #369: 여러 대상 또는 공간 지정; #370: 시전 시점·지속·집중·발동·높은 등급 주문 슬롯
spell-2135-hallow	Hallow	https://www.dndbeyond.com/spells/2135-hallow	5th	24 Hours	Touch (60 ft. *)	V, S, M *	Until Dispelled	Evocation	CHA Save	Buff (...)	368,369,370,372	#368: 기본 효과와 비용; #369: 여러 대상 또는 공간 지정; #370: 시전 시점·지속·집중·발동·높은 등급 주문 슬롯; #372: 비전투 변화·생성·정보 확인
spell-2136-hallucinatory-terrain	Hallucinatory Terrain	https://www.dndbeyond.com/spells/2136-hallucinatory-terrain	4th	10 Minutes	300 ft. (150 ft. )	V, S, M *	24 Hours	Illusion	None	Control	368,369,370	#368: 기본 효과와 비용; #369: 여러 대상 또는 공간 지정; #370: 시전 시점·지속·집중·발동·높은 등급 주문 슬롯
spell-2137-harm	Harm	https://www.dndbeyond.com/spells/2137-harm	6th	1 Action	60 ft.	V, S	Instantaneous	Necromancy	CON Save	Necrotic	368	#368: 기본 효과와 비용
spell-2138-haste	Haste	https://www.dndbeyond.com/spells/2138-haste	3rd	1 Action	30 ft.	V, S, M *	Concentration 1 Minute	Transmutation	None	Buff	368,370	#368: 기본 효과와 비용; #370: 시전 시점·지속·집중·발동·높은 등급 주문 슬롯
spell-2139-heal	Heal	https://www.dndbeyond.com/spells/2139-heal	6th	1 Action	60 ft.	V, S	Instantaneous	Evocation	None	Blinded (...)	368,370	#368: 기본 효과와 비용; #370: 시전 시점·지속·집중·발동·높은 등급 주문 슬롯
spell-2140-healing-word	Healing Word	https://www.dndbeyond.com/spells/2140-healing-word	1st	1 Bonus Action	60 ft.	V	Instantaneous	Evocation	None	Healing	368,370	#368: 기본 효과와 비용; #370: 시전 시점·지속·집중·발동·높은 등급 주문 슬롯
spell-2141-heat-metal	Heat Metal	https://www.dndbeyond.com/spells/2141-heat-metal	2nd	1 Action	60 ft.	V, S, M *	Concentration 1 Minute	Transmutation	None	Fire	368,370	#368: 기본 효과와 비용; #370: 시전 시점·지속·집중·발동·높은 등급 주문 슬롯
spell-2142-hellish-rebuke	Hellish Rebuke	https://www.dndbeyond.com/spells/2142-hellish-rebuke	1st	1 Reaction *	60 ft.	V, S	Instantaneous	Evocation	DEX Save	Fire	368,370	#368: 기본 효과와 비용; #370: 시전 시점·지속·집중·발동·높은 등급 주문 슬롯
spell-2143-heroes-feast	Heroes’ Feast	https://www.dndbeyond.com/spells/2143-heroes-feast	6th	10 Minutes	30 ft.	V, S, M *	Instantaneous	Conjuration	None	Buff (...)	368,370	#368: 기본 효과와 비용; #370: 시전 시점·지속·집중·발동·높은 등급 주문 슬롯
spell-2144-heroism	Heroism	https://www.dndbeyond.com/spells/2144-heroism	1st	1 Action	Touch	V, S	Concentration 1 Minute	Enchantment	None	Buff	368,370	#368: 기본 효과와 비용; #370: 시전 시점·지속·집중·발동·높은 등급 주문 슬롯
spell-2146-hold-monster	Hold Monster	https://www.dndbeyond.com/spells/2146-hold-monster	5th	1 Action	90 ft.	V, S, M *	Concentration 1 Minute	Enchantment	WIS Save	Paralyzed	368,370	#368: 기본 효과와 비용; #370: 시전 시점·지속·집중·발동·높은 등급 주문 슬롯
spell-2147-hold-person	Hold Person	https://www.dndbeyond.com/spells/2147-hold-person	2nd	1 Action	60 ft.	V, S, M *	Concentration 1 Minute	Enchantment	WIS Save	Paralyzed	368,370	#368: 기본 효과와 비용; #370: 시전 시점·지속·집중·발동·높은 등급 주문 슬롯
spell-2148-holy-aura	Holy Aura	https://www.dndbeyond.com/spells/2148-holy-aura	8th	1 Action	Self (30 ft. )	V, S, M *	Concentration 1 Minute	Abjuration	CON Save	Blinded	368,369,370	#368: 기본 효과와 비용; #369: 여러 대상 또는 공간 지정; #370: 시전 시점·지속·집중·발동·높은 등급 주문 슬롯
spell-2149-hunters-mark	Hunter’s Mark	https://www.dndbeyond.com/spells/2149-hunters-mark	1st	1 Bonus Action	90 ft.	V	Concentration 1 Hour	Divination	None	Bludgeoning (...)	368,370	#368: 기본 효과와 비용; #370: 시전 시점·지속·집중·발동·높은 등급 주문 슬롯
spell-2150-hypnotic-pattern	Hypnotic Pattern	https://www.dndbeyond.com/spells/2150-hypnotic-pattern	3rd	1 Action	120 ft. (30 ft. )	S, M *	Concentration 1 Minute	Illusion	WIS Save	Charmed	368,369,370	#368: 기본 효과와 비용; #369: 여러 대상 또는 공간 지정; #370: 시전 시점·지속·집중·발동·높은 등급 주문 슬롯
spell-2151-ice-storm	Ice Storm	https://www.dndbeyond.com/spells/2151-ice-storm	4th	1 Action	300 ft. (20 ft. *)	V, S, M *	Instantaneous	Evocation	DEX Save	Bludgeoning (...)	368,369,370	#368: 기본 효과와 비용; #369: 여러 대상 또는 공간 지정; #370: 시전 시점·지속·집중·발동·높은 등급 주문 슬롯
spell-2152-identify	Identify	https://www.dndbeyond.com/spells/2152-identify	1st	1 Minute Ritual	Touch	V, S, M *	Instantaneous	Divination	None	Detection	368,370,372	#368: 기본 효과와 비용; #370: 시전 시점·지속·집중·발동·높은 등급 주문 슬롯; #372: 비전투 변화·생성·정보 확인
spell-2153-illusory-script	Illusory Script	https://www.dndbeyond.com/spells/2153-illusory-script	1st	1 Minute Ritual	Touch	S, M *	10 Days	Illusion	None	Communication	368,370,372	#368: 기본 효과와 비용; #370: 시전 시점·지속·집중·발동·높은 등급 주문 슬롯; #372: 비전투 변화·생성·정보 확인
spell-2154-imprisonment	Imprisonment	https://www.dndbeyond.com/spells/2154-imprisonment	9th	1 Minute	30 ft.	V, S, M *	Until Dispelled	Abjuration	WIS Save	Restrained (...)	368,369,370	#368: 기본 효과와 비용; #369: 여러 대상 또는 공간 지정; #370: 시전 시점·지속·집중·발동·높은 등급 주문 슬롯
spell-2155-incendiary-cloud	Incendiary Cloud	https://www.dndbeyond.com/spells/2155-incendiary-cloud	8th	1 Action	150 ft. (20 ft. )	V, S	Concentration 1 Minute	Conjuration	DEX Save	Fire	368,369,370	#368: 기본 효과와 비용; #369: 여러 대상 또는 공간 지정; #370: 시전 시점·지속·집중·발동·높은 등급 주문 슬롯
spell-2156-inflict-wounds	Inflict Wounds	https://www.dndbeyond.com/spells/2156-inflict-wounds	1st	1 Action	Touch	V, S	Instantaneous	Necromancy	Melee	Necrotic	368,370	#368: 기본 효과와 비용; #370: 시전 시점·지속·집중·발동·높은 등급 주문 슬롯
spell-2157-insect-plague	Insect Plague	https://www.dndbeyond.com/spells/2157-insect-plague	5th	1 Action	300 ft. (20 ft. )	V, S, M *	Concentration 10 Minutes	Conjuration	CON Save	Piercing	368,369,370	#368: 기본 효과와 비용; #369: 여러 대상 또는 공간 지정; #370: 시전 시점·지속·집중·발동·높은 등급 주문 슬롯
spell-2159-invisibility	Invisibility	https://www.dndbeyond.com/spells/2159-invisibility	2nd	1 Action	Touch	V, S, M *	Concentration 1 Hour	Illusion	None	Invisible	368,370	#368: 기본 효과와 비용; #370: 시전 시점·지속·집중·발동·높은 등급 주문 슬롯
spell-2161-jump	Jump	https://www.dndbeyond.com/spells/2161-jump	1st	1 Action	Touch	V, S, M *	1 Minute	Transmutation	None	Movement	368,370,372	#368: 기본 효과와 비용; #370: 시전 시점·지속·집중·발동·높은 등급 주문 슬롯; #372: 비전투 변화·생성·정보 확인
spell-2162-knock	Knock	https://www.dndbeyond.com/spells/2162-knock	2nd	1 Action	60 ft.	V	Instantaneous	Transmutation	None	Utility	368,372	#368: 기본 효과와 비용; #372: 비전투 변화·생성·정보 확인
spell-2163-legend-lore	Legend Lore	https://www.dndbeyond.com/spells/2163-legend-lore	5th	10 Minutes	Self	V, S, M *	Instantaneous	Divination	None	Utility	368,370,372	#368: 기본 효과와 비용; #370: 시전 시점·지속·집중·발동·높은 등급 주문 슬롯; #372: 비전투 변화·생성·정보 확인
spell-2164-lesser-restoration	Lesser Restoration	https://www.dndbeyond.com/spells/2164-lesser-restoration	2nd	1 Action	Touch	V, S	Instantaneous	Abjuration	None	Healing	368	#368: 기본 효과와 비용
spell-2165-levitate	Levitate	https://www.dndbeyond.com/spells/2165-levitate	2nd	1 Action	60 ft.	V, S, M *	Concentration 10 Minutes	Transmutation	CON Save	Movement	368,370,372	#368: 기본 효과와 비용; #370: 시전 시점·지속·집중·발동·높은 등급 주문 슬롯; #372: 비전투 변화·생성·정보 확인
spell-2166-light	Light	https://www.dndbeyond.com/spells/2166-light	Cantrip	1 Action	Touch (20 ft. *)	V, M *	1 Hour	Evocation	DEX Save	Creation (...)	368,369,370,372	#368: 기본 효과와 비용; #369: 여러 대상 또는 공간 지정; #370: 시전 시점·지속·집중·발동·높은 등급 주문 슬롯; #372: 비전투 변화·생성·정보 확인
spell-2167-lightning-bolt	Lightning Bolt	https://www.dndbeyond.com/spells/2167-lightning-bolt	3rd	1 Action	Self (100 ft. )	V, S, M *	Instantaneous	Evocation	DEX Save	Lightning	368,369,370	#368: 기본 효과와 비용; #369: 여러 대상 또는 공간 지정; #370: 시전 시점·지속·집중·발동·높은 등급 주문 슬롯
spell-2168-locate-animals-or-plants	Locate Animals or Plants	https://www.dndbeyond.com/spells/2168-locate-animals-or-plants	2nd	1 Action Ritual	Self	V, S, M *	Instantaneous	Divination	None	Detection	368,370,372	#368: 기본 효과와 비용; #370: 시전 시점·지속·집중·발동·높은 등급 주문 슬롯; #372: 비전투 변화·생성·정보 확인
spell-2169-locate-creature	Locate Creature	https://www.dndbeyond.com/spells/2169-locate-creature	4th	1 Action	Self	V, S, M *	Concentration 1 Hour	Divination	None	Detection	368,370,372	#368: 기본 효과와 비용; #370: 시전 시점·지속·집중·발동·높은 등급 주문 슬롯; #372: 비전투 변화·생성·정보 확인
spell-2170-locate-object	Locate Object	https://www.dndbeyond.com/spells/2170-locate-object	2nd	1 Action	Self	V, S, M *	Concentration 10 Minutes	Divination	None	Detection	368,370,372	#368: 기본 효과와 비용; #370: 시전 시점·지속·집중·발동·높은 등급 주문 슬롯; #372: 비전투 변화·생성·정보 확인
spell-2171-longstrider	Longstrider	https://www.dndbeyond.com/spells/2171-longstrider	1st	1 Action	Touch	V, S, M *	1 Hour	Transmutation	None	Buff (...)	368,370	#368: 기본 효과와 비용; #370: 시전 시점·지속·집중·발동·높은 등급 주문 슬롯
spell-2172-mage-armor	Mage Armor	https://www.dndbeyond.com/spells/2172-mage-armor	1st	1 Action	Touch	V, S, M *	8 Hours	Abjuration	None	Buff (...)	368,370	#368: 기본 효과와 비용; #370: 시전 시점·지속·집중·발동·높은 등급 주문 슬롯
spell-2173-mage-hand	Mage Hand	https://www.dndbeyond.com/spells/2173-mage-hand	Cantrip	1 Action	30 ft.	V, S	1 Minute	Conjuration	None	Utility	368,370,372	#368: 기본 효과와 비용; #370: 시전 시점·지속·집중·발동·높은 등급 주문 슬롯; #372: 비전투 변화·생성·정보 확인
spell-2174-magic-circle	Magic Circle	https://www.dndbeyond.com/spells/2174-magic-circle	3rd	1 Minute	10 ft. (10 ft. *)	V, S, M *	1 Hour	Abjuration	CHA Save	Control (...)	368,369,370	#368: 기본 효과와 비용; #369: 여러 대상 또는 공간 지정; #370: 시전 시점·지속·집중·발동·높은 등급 주문 슬롯
spell-2175-magic-jar	Magic Jar	https://www.dndbeyond.com/spells/2175-magic-jar	6th	1 Minute	Self	V, S, M *	Until Dispelled	Necromancy	CHA Save	Control	368,370	#368: 기본 효과와 비용; #370: 시전 시점·지속·집중·발동·높은 등급 주문 슬롯
spell-2176-magic-missile	Magic Missile	https://www.dndbeyond.com/spells/2176-magic-missile	1st	1 Action	120 ft.	V, S	Instantaneous	Evocation	None	Force	368,370	#368: 기본 효과와 비용; #370: 시전 시점·지속·집중·발동·높은 등급 주문 슬롯
spell-2177-magic-mouth	Magic Mouth	https://www.dndbeyond.com/spells/2177-magic-mouth	2nd	1 Minute Ritual	30 ft.	V, S, M *	Until Dispelled	Illusion	None	Communication	368,370,372	#368: 기본 효과와 비용; #370: 시전 시점·지속·집중·발동·높은 등급 주문 슬롯; #372: 비전투 변화·생성·정보 확인
spell-2178-magic-weapon	Magic Weapon	https://www.dndbeyond.com/spells/2178-magic-weapon	2nd	1 Bonus Action	Touch	V, S	Concentration 1 Hour	Transmutation	None	Bludgeoning (...)	368,370	#368: 기본 효과와 비용; #370: 시전 시점·지속·집중·발동·높은 등급 주문 슬롯
spell-2180-major-image	Major Image	https://www.dndbeyond.com/spells/2180-major-image	3rd	1 Action	120 ft. (20 ft. *)	V, S, M *	Concentration 10 Minutes	Illusion	None	Control	368,369,370	#368: 기본 효과와 비용; #369: 여러 대상 또는 공간 지정; #370: 시전 시점·지속·집중·발동·높은 등급 주문 슬롯
spell-2181-mass-cure-wounds	Mass Cure Wounds	https://www.dndbeyond.com/spells/2181-mass-cure-wounds	5th	1 Action	60 ft. (30 ft. )	V, S	Instantaneous	Evocation	None	Healing	368,369,370	#368: 기본 효과와 비용; #369: 여러 대상 또는 공간 지정; #370: 시전 시점·지속·집중·발동·높은 등급 주문 슬롯
spell-2182-mass-heal	Mass Heal	https://www.dndbeyond.com/spells/2182-mass-heal	9th	1 Action	60 ft.	V, S	Instantaneous	Evocation	None	Blinded (...)	368	#368: 기본 효과와 비용
spell-2183-mass-healing-word	Mass Healing Word	https://www.dndbeyond.com/spells/2183-mass-healing-word	3rd	1 Bonus Action	60 ft.	V	Instantaneous	Evocation	None	Healing	368,370	#368: 기본 효과와 비용; #370: 시전 시점·지속·집중·발동·높은 등급 주문 슬롯
spell-2184-mass-suggestion	Mass Suggestion	https://www.dndbeyond.com/spells/2184-mass-suggestion	6th	1 Action	60 ft.	V, M *	24 Hours	Enchantment	WIS Save	Control (...)	368,370	#368: 기본 효과와 비용; #370: 시전 시점·지속·집중·발동·높은 등급 주문 슬롯
spell-2185-maze	Maze	https://www.dndbeyond.com/spells/2185-maze	8th	1 Action	60 ft.	V, S	Concentration 10 Minutes	Conjuration	None	Banishment (...)	368,370	#368: 기본 효과와 비용; #370: 시전 시점·지속·집중·발동·높은 등급 주문 슬롯
spell-2186-meld-into-stone	Meld into Stone	https://www.dndbeyond.com/spells/2186-meld-into-stone	3rd	1 Action Ritual	Touch	V, S	8 Hours	Transmutation	None	Movement	368,370,372	#368: 기본 효과와 비용; #370: 시전 시점·지속·집중·발동·높은 등급 주문 슬롯; #372: 비전투 변화·생성·정보 확인
spell-2187-mending	Mending	https://www.dndbeyond.com/spells/2187-mending	Cantrip	1 Minute	Touch	V, S, M *	Instantaneous	Transmutation	None	Utility	368,370,372	#368: 기본 효과와 비용; #370: 시전 시점·지속·집중·발동·높은 등급 주문 슬롯; #372: 비전투 변화·생성·정보 확인
spell-2188-message	Message	https://www.dndbeyond.com/spells/2188-message	Cantrip	1 Action	120 ft.	V, S, M *	1 Round	Transmutation	None	Communication (...)	368,369,370,372	#368: 기본 효과와 비용; #369: 여러 대상 또는 공간 지정; #370: 시전 시점·지속·집중·발동·높은 등급 주문 슬롯; #372: 비전투 변화·생성·정보 확인
spell-2189-meteor-swarm	Meteor Swarm	https://www.dndbeyond.com/spells/2189-meteor-swarm	9th	1 Action	1 mile (*)	V, S	Instantaneous	Evocation	DEX Save	Fire (...)	368,369	#368: 기본 효과와 비용; #369: 여러 대상 또는 공간 지정
spell-2190-mind-blank	Mind Blank	https://www.dndbeyond.com/spells/2190-mind-blank	8th	1 Action	Touch	V, S	24 Hours	Abjuration	None	Buff	368,370	#368: 기본 효과와 비용; #370: 시전 시점·지속·집중·발동·높은 등급 주문 슬롯
spell-2191-minor-illusion	Minor Illusion	https://www.dndbeyond.com/spells/2191-minor-illusion	Cantrip	1 Action	30 ft. (5 ft. *)	S, M *	1 Minute	Illusion	None	Control	368,369,370	#368: 기본 효과와 비용; #369: 여러 대상 또는 공간 지정; #370: 시전 시점·지속·집중·발동·높은 등급 주문 슬롯
spell-2192-mirage-arcane	Mirage Arcane	https://www.dndbeyond.com/spells/2192-mirage-arcane	7th	10 Minutes	Sight (1 mile )	V, S	10 Days	Illusion	None	Control	368,370	#368: 기본 효과와 비용; #370: 시전 시점·지속·집중·발동·높은 등급 주문 슬롯
spell-2193-mirror-image	Mirror Image	https://www.dndbeyond.com/spells/2193-mirror-image	2nd	1 Action	Self	V, S	1 Minute	Illusion	None	Deception (...)	368,370,372	#368: 기본 효과와 비용; #370: 시전 시점·지속·집중·발동·높은 등급 주문 슬롯; #372: 비전투 변화·생성·정보 확인
spell-2194-mislead	Mislead	https://www.dndbeyond.com/spells/2194-mislead	5th	1 Action	Self	S	Concentration 1 Hour	Illusion	None	Invisible	368,370	#368: 기본 효과와 비용; #370: 시전 시점·지속·집중·발동·높은 등급 주문 슬롯
spell-2195-misty-step	Misty Step	https://www.dndbeyond.com/spells/2195-misty-step	2nd	1 Bonus Action	Self	V	Instantaneous	Conjuration	None	Teleportation	368,370,372	#368: 기본 효과와 비용; #370: 시전 시점·지속·집중·발동·높은 등급 주문 슬롯; #372: 비전투 변화·생성·정보 확인
spell-2196-modify-memory	Modify Memory	https://www.dndbeyond.com/spells/2196-modify-memory	5th	1 Action	30 ft.	V, S	Concentration 1 Minute	Enchantment	WIS Save	Charmed	368,370	#368: 기본 효과와 비용; #370: 시전 시점·지속·집중·발동·높은 등급 주문 슬롯
spell-2197-moonbeam	Moonbeam	https://www.dndbeyond.com/spells/2197-moonbeam	2nd	1 Action	120 ft. (5 ft. *)	V, S, M *	Concentration 1 Minute	Evocation	CON Save	Radiant	368,369,370	#368: 기본 효과와 비용; #369: 여러 대상 또는 공간 지정; #370: 시전 시점·지속·집중·발동·높은 등급 주문 슬롯
spell-2004-mordenkainens-sword	Mordenkainen’s Sword	https://www.dndbeyond.com/spells/2004-mordenkainens-sword	7th	1 Action	60 ft.	V, S, M *	Concentration 1 Minute	Evocation	Melee	Force	368,370	#368: 기본 효과와 비용; #370: 시전 시점·지속·집중·발동·높은 등급 주문 슬롯
spell-2198-move-earth	Move Earth	https://www.dndbeyond.com/spells/2198-move-earth	6th	1 Action	120 ft.	V, S, M *	Concentration 2 Hours	Transmutation	None	Control	368,370	#368: 기본 효과와 비용; #370: 시전 시점·지속·집중·발동·높은 등급 주문 슬롯
spell-2199-nondetection	Nondetection	https://www.dndbeyond.com/spells/2199-nondetection	3rd	1 Action	Touch	V, S, M *	8 Hours	Abjuration	None	Deception	368,370,372	#368: 기본 효과와 비용; #370: 시전 시점·지속·집중·발동·높은 등급 주문 슬롯; #372: 비전투 변화·생성·정보 확인
spell-2160-ottos-irresistible-dance	Otto’s Irresistible Dance	https://www.dndbeyond.com/spells/2160-ottos-irresistible-dance	6th	1 Action	30 ft.	V	Concentration 1 Minute	Enchantment	WIS Save	Control (...)	368,369,370	#368: 기본 효과와 비용; #369: 여러 대상 또는 공간 지정; #370: 시전 시점·지속·집중·발동·높은 등급 주문 슬롯
spell-2201-pass-without-trace	Pass without Trace	https://www.dndbeyond.com/spells/2201-pass-without-trace	2nd	1 Action	Self	V, S, M *	Concentration 1 Hour	Abjuration	None	Buff (...)	368,369,370	#368: 기본 효과와 비용; #369: 여러 대상 또는 공간 지정; #370: 시전 시점·지속·집중·발동·높은 등급 주문 슬롯
spell-2200-passwall	Passwall	https://www.dndbeyond.com/spells/2200-passwall	5th	1 Action	30 ft.	V, S, M *	1 Hour	Transmutation	None	Control	368,370	#368: 기본 효과와 비용; #370: 시전 시점·지속·집중·발동·높은 등급 주문 슬롯
spell-2202-phantasmal-killer	Phantasmal Killer	https://www.dndbeyond.com/spells/2202-phantasmal-killer	4th	1 Action	120 ft.	V, S	Concentration 1 Minute	Illusion	WIS Save	Psychic	368,370	#368: 기본 효과와 비용; #370: 시전 시점·지속·집중·발동·높은 등급 주문 슬롯
spell-2203-phantom-steed	Phantom Steed	https://www.dndbeyond.com/spells/2203-phantom-steed	3rd	1 Minute Ritual	30 ft.	V, S	1 Hour	Illusion	None	Movement	368,370,372	#368: 기본 효과와 비용; #370: 시전 시점·지속·집중·발동·높은 등급 주문 슬롯; #372: 비전투 변화·생성·정보 확인
spell-2204-planar-ally	Planar Ally	https://www.dndbeyond.com/spells/2204-planar-ally	6th	10 Minutes	60 ft.	V, S	Instantaneous	Conjuration	None	Summoning	368,370,371,372	#368: 기본 효과와 비용; #370: 시전 시점·지속·집중·발동·높은 등급 주문 슬롯; #371: 소환 또는 생물 조종; #372: 비전투 변화·생성·정보 확인
spell-2205-planar-binding	Planar Binding	https://www.dndbeyond.com/spells/2205-planar-binding	5th	1 Hour	60 ft.	V, S, M *	24 Hours	Abjuration	CHA Save	Control	368,370	#368: 기본 효과와 비용; #370: 시전 시점·지속·집중·발동·높은 등급 주문 슬롯
spell-2206-plane-shift	Plane Shift	https://www.dndbeyond.com/spells/2206-plane-shift	7th	1 Action	Touch	V, S, M *	Instantaneous	Conjuration	CHA Save	Banishment (...)	368	#368: 기본 효과와 비용
spell-2207-plant-growth	Plant Growth	https://www.dndbeyond.com/spells/2207-plant-growth	3rd	Special	150 ft.	V, S	Instantaneous	Transmutation	None	Control	368,369,370	#368: 기본 효과와 비용; #369: 여러 대상 또는 공간 지정; #370: 시전 시점·지속·집중·발동·높은 등급 주문 슬롯
spell-2208-poison-spray	Poison Spray	https://www.dndbeyond.com/spells/2208-poison-spray	Cantrip	1 Action	10 ft.	V, S	Instantaneous	Conjuration	CON Save	Poison	368	#368: 기본 효과와 비용
spell-2209-polymorph	Polymorph	https://www.dndbeyond.com/spells/2209-polymorph	4th	1 Action	60 ft.	V, S, M *	Concentration 1 Hour	Transmutation	WIS Save	Control (...)	368,370	#368: 기본 효과와 비용; #370: 시전 시점·지속·집중·발동·높은 등급 주문 슬롯
spell-2210-power-word-kill	Power Word Kill	https://www.dndbeyond.com/spells/2210-power-word-kill	9th	1 Action	60 ft.	V	Instantaneous	Enchantment	None	Control (...)	368	#368: 기본 효과와 비용
spell-2211-power-word-stun	Power Word Stun	https://www.dndbeyond.com/spells/2211-power-word-stun	8th	1 Action	60 ft.	V	Instantaneous	Enchantment	None	Stunned	368	#368: 기본 효과와 비용
spell-2212-prayer-of-healing	Prayer of Healing	https://www.dndbeyond.com/spells/2212-prayer-of-healing	2nd	10 Minutes	30 ft.	V	Instantaneous	Evocation	None	Healing	368,370	#368: 기본 효과와 비용; #370: 시전 시점·지속·집중·발동·높은 등급 주문 슬롯
spell-2213-prestidigitation	Prestidigitation	https://www.dndbeyond.com/spells/2213-prestidigitation	Cantrip	1 Action	10 ft.	V, S	1 Hour	Transmutation	None	Utility	368,370,372	#368: 기본 효과와 비용; #370: 시전 시점·지속·집중·발동·높은 등급 주문 슬롯; #372: 비전투 변화·생성·정보 확인
spell-2214-prismatic-spray	Prismatic Spray	https://www.dndbeyond.com/spells/2214-prismatic-spray	7th	1 Action	Self (60 ft. )	V, S	Instantaneous	Evocation	DEX Save	Fire (...)	368,369	#368: 기본 효과와 비용; #369: 여러 대상 또는 공간 지정
spell-2215-prismatic-wall	Prismatic Wall	https://www.dndbeyond.com/spells/2215-prismatic-wall	9th	1 Action	60 ft.	V, S	10 Minutes	Abjuration	CON Save	Fire (...)	368,369,370	#368: 기본 효과와 비용; #369: 여러 대상 또는 공간 지정; #370: 시전 시점·지속·집중·발동·높은 등급 주문 슬롯
spell-2217-produce-flame	Produce Flame	https://www.dndbeyond.com/spells/2217-produce-flame	Cantrip	1 Action	Self	V, S	10 Minutes	Conjuration	Ranged	Fire	368,369,370	#368: 기본 효과와 비용; #369: 여러 대상 또는 공간 지정; #370: 시전 시점·지속·집중·발동·높은 등급 주문 슬롯
spell-2218-programmed-illusion	Programmed Illusion	https://www.dndbeyond.com/spells/2218-programmed-illusion	6th	1 Action	120 ft. (30 ft. *)	V, S, M *	Until Dispelled	Illusion	None	Control	368,369,370	#368: 기본 효과와 비용; #369: 여러 대상 또는 공간 지정; #370: 시전 시점·지속·집중·발동·높은 등급 주문 슬롯
spell-2219-project-image	Project Image	https://www.dndbeyond.com/spells/2219-project-image	7th	1 Action	500 miles	V, S, M *	Concentration 1 Day	Illusion	None	Control	368,370	#368: 기본 효과와 비용; #370: 시전 시점·지속·집중·발동·높은 등급 주문 슬롯
spell-2220-protection-from-energy	Protection from Energy	https://www.dndbeyond.com/spells/2220-protection-from-energy	3rd	1 Action	Touch	V, S	Concentration 1 Hour	Abjuration	None	Buff (...)	368,370	#368: 기본 효과와 비용; #370: 시전 시점·지속·집중·발동·높은 등급 주문 슬롯
spell-2221-protection-from-evil-and-good	Protection from Evil and Good	https://www.dndbeyond.com/spells/2221-protection-from-evil-and-good	1st	1 Action	Touch	V, S, M *	Concentration 10 Minutes	Abjuration	None	Buff (...)	368,370	#368: 기본 효과와 비용; #370: 시전 시점·지속·집중·발동·높은 등급 주문 슬롯
spell-2222-protection-from-poison	Protection from Poison	https://www.dndbeyond.com/spells/2222-protection-from-poison	2nd	1 Action	Touch	V, S	1 Hour	Abjuration	None	Buff (...)	368,370	#368: 기본 효과와 비용; #370: 시전 시점·지속·집중·발동·높은 등급 주문 슬롯
spell-2223-purify-food-and-drink	Purify Food and Drink	https://www.dndbeyond.com/spells/2223-purify-food-and-drink	1st	1 Action Ritual	10 ft. (5 ft. )	V, S	Instantaneous	Transmutation	None	Utility	368,369,370,372	#368: 기본 효과와 비용; #369: 여러 대상 또는 공간 지정; #370: 시전 시점·지속·집중·발동·높은 등급 주문 슬롯; #372: 비전투 변화·생성·정보 확인
spell-2224-raise-dead	Raise Dead	https://www.dndbeyond.com/spells/2224-raise-dead	5th	1 Hour	Touch	V, S, M *	Instantaneous	Necromancy	None	Healing	368,370	#368: 기본 효과와 비용; #370: 시전 시점·지속·집중·발동·높은 등급 주문 슬롯
spell-2225-ray-of-enfeeblement	Ray of Enfeeblement	https://www.dndbeyond.com/spells/2225-ray-of-enfeeblement	2nd	1 Action	60 ft.	V, S	Concentration 1 Minute	Necromancy	CON Save	Debuff	368,370	#368: 기본 효과와 비용; #370: 시전 시점·지속·집중·발동·높은 등급 주문 슬롯
spell-2226-ray-of-frost	Ray of Frost	https://www.dndbeyond.com/spells/2226-ray-of-frost	Cantrip	1 Action	60 ft.	V, S	Instantaneous	Evocation	Ranged	Cold	368	#368: 기본 효과와 비용
spell-2227-regenerate	Regenerate	https://www.dndbeyond.com/spells/2227-regenerate	7th	1 Minute	Touch	V, S, M *	1 Hour	Transmutation	None	Healing	368,370	#368: 기본 효과와 비용; #370: 시전 시점·지속·집중·발동·높은 등급 주문 슬롯
spell-2228-reincarnate	Reincarnate	https://www.dndbeyond.com/spells/2228-reincarnate	5th	1 Hour	Touch	V, S, M *	Instantaneous	Transmutation	None	Healing	368,370	#368: 기본 효과와 비용; #370: 시전 시점·지속·집중·발동·높은 등급 주문 슬롯
spell-2229-remove-curse	Remove Curse	https://www.dndbeyond.com/spells/2229-remove-curse	3rd	1 Action	Touch	V, S	Instantaneous	Abjuration	None	Buff	368	#368: 기본 효과와 비용
spell-2231-resistance	Resistance	https://www.dndbeyond.com/spells/2231-resistance	Cantrip	1 Action	Touch	V, S, M *	Concentration 1 Minute	Abjuration	None	Buff	368,370	#368: 기본 효과와 비용; #370: 시전 시점·지속·집중·발동·높은 등급 주문 슬롯
spell-2232-resurrection	Resurrection	https://www.dndbeyond.com/spells/2232-resurrection	7th	1 Hour	Touch	V, S, M *	Instantaneous	Necromancy	None	Healing	368,370	#368: 기본 효과와 비용; #370: 시전 시점·지속·집중·발동·높은 등급 주문 슬롯
spell-2233-reverse-gravity	Reverse Gravity	https://www.dndbeyond.com/spells/2233-reverse-gravity	7th	1 Action	100 ft. (50 ft. *)	V, S, M *	Concentration 1 Minute	Transmutation	DEX Save	Control	368,369,370	#368: 기본 효과와 비용; #369: 여러 대상 또는 공간 지정; #370: 시전 시점·지속·집중·발동·높은 등급 주문 슬롯
spell-2234-revivify	Revivify	https://www.dndbeyond.com/spells/2234-revivify	3rd	1 Action	Touch	V, S, M *	Instantaneous	Necromancy	None	Healing	368	#368: 기본 효과와 비용
spell-2235-rope-trick	Rope Trick	https://www.dndbeyond.com/spells/2235-rope-trick	2nd	1 Action	Touch	V, S, M *	1 Hour	Transmutation	None	Utility	368,370,372	#368: 기본 효과와 비용; #370: 시전 시점·지속·집중·발동·높은 등급 주문 슬롯; #372: 비전투 변화·생성·정보 확인
spell-2236-sacred-flame	Sacred Flame	https://www.dndbeyond.com/spells/2236-sacred-flame	Cantrip	1 Action	60 ft.	V, S	Instantaneous	Evocation	DEX Save	Radiant	368	#368: 기본 효과와 비용
spell-2237-sanctuary	Sanctuary	https://www.dndbeyond.com/spells/2237-sanctuary	1st	1 Bonus Action	30 ft.	V, S, M *	1 Minute	Abjuration	WIS Save	Buff (...)	368,370	#368: 기본 효과와 비용; #370: 시전 시점·지속·집중·발동·높은 등급 주문 슬롯
spell-2238-scorching-ray	Scorching Ray	https://www.dndbeyond.com/spells/2238-scorching-ray	2nd	1 Action	120 ft.	V, S	Instantaneous	Evocation	Ranged	Fire	368,370	#368: 기본 효과와 비용; #370: 시전 시점·지속·집중·발동·높은 등급 주문 슬롯
spell-2239-scrying	Scrying	https://www.dndbeyond.com/spells/2239-scrying	5th	10 Minutes	Self	V, S, M *	Concentration 10 Minutes	Divination	WIS Save	Detection	368,370,372	#368: 기본 효과와 비용; #370: 시전 시점·지속·집중·발동·높은 등급 주문 슬롯; #372: 비전투 변화·생성·정보 확인
spell-2242-see-invisibility	See Invisibility	https://www.dndbeyond.com/spells/2242-see-invisibility	2nd	1 Action	Self	V, S, M *	1 Hour	Divination	None	Detection	368,370,372	#368: 기본 효과와 비용; #370: 시전 시점·지속·집중·발동·높은 등급 주문 슬롯; #372: 비전투 변화·생성·정보 확인
spell-2241-seeming	Seeming	https://www.dndbeyond.com/spells/2241-seeming	5th	1 Action	30 ft.	V, S	8 Hours	Illusion	CHA Save	Control	368,369,370	#368: 기본 효과와 비용; #369: 여러 대상 또는 공간 지정; #370: 시전 시점·지속·집중·발동·높은 등급 주문 슬롯
spell-2243-sending	Sending	https://www.dndbeyond.com/spells/2243-sending	3rd	1 Action	Unlimited	V, S, M *	1 Round	Evocation	None	Communication	368,370,372	#368: 기본 효과와 비용; #370: 시전 시점·지속·집중·발동·높은 등급 주문 슬롯; #372: 비전투 변화·생성·정보 확인
spell-2244-sequester	Sequester	https://www.dndbeyond.com/spells/2244-sequester	7th	1 Action	Touch	V, S, M *	Until Dispelled	Transmutation	None	Invisible	368,370	#368: 기본 효과와 비용; #370: 시전 시점·지속·집중·발동·높은 등급 주문 슬롯
spell-2245-shapechange	Shapechange	https://www.dndbeyond.com/spells/2245-shapechange	9th	1 Action	Self	V, S, M *	Concentration 1 Hour	Transmutation	None	Shapechanging	368,370,372	#368: 기본 효과와 비용; #370: 시전 시점·지속·집중·발동·높은 등급 주문 슬롯; #372: 비전투 변화·생성·정보 확인
spell-2246-shatter	Shatter	https://www.dndbeyond.com/spells/2246-shatter	2nd	1 Action	60 ft. (10 ft. )	V, S, M *	Instantaneous	Evocation	CON Save	Thunder	368,369,370	#368: 기본 효과와 비용; #369: 여러 대상 또는 공간 지정; #370: 시전 시점·지속·집중·발동·높은 등급 주문 슬롯
spell-2247-shield	Shield	https://www.dndbeyond.com/spells/2247-shield	1st	1 Reaction *	Self	V, S	1 Round	Abjuration	None	Warding	368,370	#368: 기본 효과와 비용; #370: 시전 시점·지속·집중·발동·높은 등급 주문 슬롯
spell-2248-shield-of-faith	Shield of Faith	https://www.dndbeyond.com/spells/2248-shield-of-faith	1st	1 Bonus Action	60 ft.	V, S, M *	Concentration 10 Minutes	Abjuration	None	Buff (...)	368,370	#368: 기본 효과와 비용; #370: 시전 시점·지속·집중·발동·높은 등급 주문 슬롯
spell-2249-shillelagh	Shillelagh	https://www.dndbeyond.com/spells/2249-shillelagh	Cantrip	1 Bonus Action	Touch	V, S, M *	1 Minute	Transmutation	Melee	Bludgeoning	368,370	#368: 기본 효과와 비용; #370: 시전 시점·지속·집중·발동·높은 등급 주문 슬롯
spell-2250-shocking-grasp	Shocking Grasp	https://www.dndbeyond.com/spells/2250-shocking-grasp	Cantrip	1 Action	Touch	V, S	Instantaneous	Evocation	Melee	Lightning	368	#368: 기본 효과와 비용
spell-2251-silence	Silence	https://www.dndbeyond.com/spells/2251-silence	2nd	1 Action Ritual	120 ft. (20 ft. )	V, S	Concentration 10 Minutes	Illusion	None	Control	368,369,370	#368: 기본 효과와 비용; #369: 여러 대상 또는 공간 지정; #370: 시전 시점·지속·집중·발동·높은 등급 주문 슬롯
spell-2252-silent-image	Silent Image	https://www.dndbeyond.com/spells/2252-silent-image	1st	1 Action	60 ft. (15 ft. *)	V, S, M *	Concentration 10 Minutes	Illusion	None	Control	368,369,370	#368: 기본 효과와 비용; #369: 여러 대상 또는 공간 지정; #370: 시전 시점·지속·집중·발동·높은 등급 주문 슬롯
spell-2253-simulacrum	Simulacrum	https://www.dndbeyond.com/spells/2253-simulacrum	7th	12 Hours	Touch	V, S, M *	Until Dispelled	Illusion	None	Deception (...)	368,370,372	#368: 기본 효과와 비용; #370: 시전 시점·지속·집중·발동·높은 등급 주문 슬롯; #372: 비전투 변화·생성·정보 확인
spell-2254-sleep	Sleep	https://www.dndbeyond.com/spells/2254-sleep	1st	1 Action	90 ft. (20 ft. )	V, S, M *	1 Minute	Enchantment	None	Unconscious	368,369,370	#368: 기본 효과와 비용; #369: 여러 대상 또는 공간 지정; #370: 시전 시점·지속·집중·발동·높은 등급 주문 슬롯
spell-2255-sleet-storm	Sleet Storm	https://www.dndbeyond.com/spells/2255-sleet-storm	3rd	1 Action	150 ft. (40 ft. *)	V, S, M *	Concentration 1 Minute	Conjuration	DEX Save	Prone	368,369,370	#368: 기본 효과와 비용; #369: 여러 대상 또는 공간 지정; #370: 시전 시점·지속·집중·발동·높은 등급 주문 슬롯
spell-2256-slow	Slow	https://www.dndbeyond.com/spells/2256-slow	3rd	1 Action	120 ft. (40 ft. )	V, S, M *	Concentration 1 Minute	Transmutation	WIS Save	Control (...)	368,369,370	#368: 기본 효과와 비용; #369: 여러 대상 또는 공간 지정; #370: 시전 시점·지속·집중·발동·높은 등급 주문 슬롯
spell-2257-spare-the-dying	Spare the Dying	https://www.dndbeyond.com/spells/2257-spare-the-dying	Cantrip	1 Action	Touch	V, S	Instantaneous	Necromancy	None	Healing	368	#368: 기본 효과와 비용
spell-2258-speak-with-animals	Speak with Animals	https://www.dndbeyond.com/spells/2258-speak-with-animals	1st	1 Action Ritual	Self	V, S	10 Minutes	Divination	None	Communication (...)	368,370,372	#368: 기본 효과와 비용; #370: 시전 시점·지속·집중·발동·높은 등급 주문 슬롯; #372: 비전투 변화·생성·정보 확인
spell-2259-speak-with-dead	Speak with Dead	https://www.dndbeyond.com/spells/2259-speak-with-dead	3rd	1 Action	10 ft.	V, S, M *	10 Minutes	Necromancy	None	Communication (...)	368,370,372	#368: 기본 효과와 비용; #370: 시전 시점·지속·집중·발동·높은 등급 주문 슬롯; #372: 비전투 변화·생성·정보 확인
spell-2260-speak-with-plants	Speak with Plants	https://www.dndbeyond.com/spells/2260-speak-with-plants	3rd	1 Action	Self	V, S	10 Minutes	Transmutation	None	Communication (...)	368,370,372	#368: 기본 효과와 비용; #370: 시전 시점·지속·집중·발동·높은 등급 주문 슬롯; #372: 비전투 변화·생성·정보 확인
spell-2261-spider-climb	Spider Climb	https://www.dndbeyond.com/spells/2261-spider-climb	2nd	1 Action	Touch	V, S, M *	Concentration 1 Hour	Transmutation	None	Buff (...)	368,370	#368: 기본 효과와 비용; #370: 시전 시점·지속·집중·발동·높은 등급 주문 슬롯
spell-2262-spike-growth	Spike Growth	https://www.dndbeyond.com/spells/2262-spike-growth	2nd	1 Action	150 ft. (20 ft. )	V, S, M *	Concentration 10 Minutes	Transmutation	None	Control (...)	368,369,370	#368: 기본 효과와 비용; #369: 여러 대상 또는 공간 지정; #370: 시전 시점·지속·집중·발동·높은 등급 주문 슬롯
spell-2264-spirit-guardians	Spirit Guardians	https://www.dndbeyond.com/spells/2264-spirit-guardians	3rd	1 Action	Self (15 ft. )	V, S, M *	Concentration 10 Minutes	Conjuration	WIS Save	Radiant (...)	368,370	#368: 기본 효과와 비용; #370: 시전 시점·지속·집중·발동·높은 등급 주문 슬롯
spell-2263-spiritual-weapon	Spiritual Weapon	https://www.dndbeyond.com/spells/2263-spiritual-weapon	2nd	1 Bonus Action	60 ft.	V, S	1 Minute	Evocation	Melee	Force	368,370	#368: 기본 효과와 비용; #370: 시전 시점·지속·집중·발동·높은 등급 주문 슬롯
spell-2265-stinking-cloud	Stinking Cloud	https://www.dndbeyond.com/spells/2265-stinking-cloud	3rd	1 Action	90 ft. (20 ft. )	V, S, M *	Concentration 1 Minute	Conjuration	CON Save	Control	368,369,370	#368: 기본 효과와 비용; #369: 여러 대상 또는 공간 지정; #370: 시전 시점·지속·집중·발동·높은 등급 주문 슬롯
spell-2267-stone-shape	Stone Shape	https://www.dndbeyond.com/spells/2267-stone-shape	4th	1 Action	Touch	V, S, M *	Instantaneous	Transmutation	None	Control	368	#368: 기본 효과와 비용
spell-2266-stoneskin	Stoneskin	https://www.dndbeyond.com/spells/2266-stoneskin	4th	1 Action	Touch	V, S, M *	Concentration 1 Hour	Abjuration	None	Buff	368,370	#368: 기본 효과와 비용; #370: 시전 시점·지속·집중·발동·높은 등급 주문 슬롯
spell-2268-storm-of-vengeance	Storm of Vengeance	https://www.dndbeyond.com/spells/2268-storm-of-vengeance	9th	1 Action	Sight	V, S	Concentration 1 Minute	Conjuration	CON Save	Thunder (...)	368,369,370	#368: 기본 효과와 비용; #369: 여러 대상 또는 공간 지정; #370: 시전 시점·지속·집중·발동·높은 등급 주문 슬롯
spell-2269-suggestion	Suggestion	https://www.dndbeyond.com/spells/2269-suggestion	2nd	1 Action	30 ft.	V, M *	Concentration 8 Hours	Enchantment	WIS Save	Control (...)	368,370	#368: 기본 효과와 비용; #370: 시전 시점·지속·집중·발동·높은 등급 주문 슬롯
spell-2270-sunbeam	Sunbeam	https://www.dndbeyond.com/spells/2270-sunbeam	6th	1 Action	Self (60 ft. )	V, S, M *	Concentration 1 Minute	Evocation	CON Save	Radiant	368,369,370	#368: 기본 효과와 비용; #369: 여러 대상 또는 공간 지정; #370: 시전 시점·지속·집중·발동·높은 등급 주문 슬롯
spell-2271-sunburst	Sunburst	https://www.dndbeyond.com/spells/2271-sunburst	8th	1 Action	150 ft. (60 ft. )	V, S, M *	Instantaneous	Evocation	CON Save	Radiant	368,369	#368: 기본 효과와 비용; #369: 여러 대상 또는 공간 지정
spell-2272-symbol	Symbol	https://www.dndbeyond.com/spells/2272-symbol	7th	1 Minute	Touch (60 ft. )	V, S, M *	Until Dispelled or Triggered	Abjuration	None	Necrotic	368,369,370	#368: 기본 효과와 비용; #369: 여러 대상 또는 공간 지정; #370: 시전 시점·지속·집중·발동·높은 등급 주문 슬롯
spell-2273-telekinesis	Telekinesis	https://www.dndbeyond.com/spells/2273-telekinesis	5th	1 Action	60 ft.	V, S	Concentration 10 Minutes	Transmutation	None	Control (...)	368,370	#368: 기본 효과와 비용; #370: 시전 시점·지속·집중·발동·높은 등급 주문 슬롯
spell-2275-teleport	Teleport	https://www.dndbeyond.com/spells/2275-teleport	7th	1 Action	10 ft.	V	Instantaneous	Conjuration	None	Teleportation	368,369,372	#368: 기본 효과와 비용; #369: 여러 대상 또는 공간 지정; #372: 비전투 변화·생성·정보 확인
spell-2276-teleportation-circle	Teleportation Circle	https://www.dndbeyond.com/spells/2276-teleportation-circle	5th	1 Minute	10 ft.	V, M *	1 Round	Conjuration	None	Teleportation	368,370,372	#368: 기본 효과와 비용; #370: 시전 시점·지속·집중·발동·높은 등급 주문 슬롯; #372: 비전투 변화·생성·정보 확인
spell-2277-thaumaturgy	Thaumaturgy	https://www.dndbeyond.com/spells/2277-thaumaturgy	Cantrip	1 Action	30 ft.	V	1 Minute	Transmutation	None	Control	368,370	#368: 기본 효과와 비용; #370: 시전 시점·지속·집중·발동·높은 등급 주문 슬롯
spell-2278-thunderwave	Thunderwave	https://www.dndbeyond.com/spells/2278-thunderwave	1st	1 Action	Self (15 ft. )	V, S	Instantaneous	Evocation	CON Save	Thunder	368,369,370	#368: 기본 효과와 비용; #369: 여러 대상 또는 공간 지정; #370: 시전 시점·지속·집중·발동·높은 등급 주문 슬롯
spell-2279-time-stop	Time Stop	https://www.dndbeyond.com/spells/2279-time-stop	9th	1 Action	Self	V	Instantaneous	Transmutation	None	Control	368	#368: 기본 효과와 비용
spell-2281-tongues	Tongues	https://www.dndbeyond.com/spells/2281-tongues	3rd	1 Action	Touch	V, M *	1 Hour	Divination	None	Communication (...)	368,370,372	#368: 기본 효과와 비용; #370: 시전 시점·지속·집중·발동·높은 등급 주문 슬롯; #372: 비전투 변화·생성·정보 확인
spell-2282-transport-via-plants	Transport via Plants	https://www.dndbeyond.com/spells/2282-transport-via-plants	6th	1 Action	10 ft.	V, S	1 Round	Conjuration	None	Teleportation	368,370,372	#368: 기본 효과와 비용; #370: 시전 시점·지속·집중·발동·높은 등급 주문 슬롯; #372: 비전투 변화·생성·정보 확인
spell-2283-tree-stride	Tree Stride	https://www.dndbeyond.com/spells/2283-tree-stride	5th	1 Action	Self	V, S	Concentration 1 Minute	Conjuration	None	Movement (...)	368,370,372	#368: 기본 효과와 비용; #370: 시전 시점·지속·집중·발동·높은 등급 주문 슬롯; #372: 비전투 변화·생성·정보 확인
spell-2284-true-polymorph	True Polymorph	https://www.dndbeyond.com/spells/2284-true-polymorph	9th	1 Action	30 ft.	V, S, M *	Concentration 1 Hour	Transmutation	WIS Save	Buff (...)	368,369,370	#368: 기본 효과와 비용; #369: 여러 대상 또는 공간 지정; #370: 시전 시점·지속·집중·발동·높은 등급 주문 슬롯
spell-2285-true-resurrection	True Resurrection	https://www.dndbeyond.com/spells/2285-true-resurrection	9th	1 Hour	Touch	V, S, M *	Instantaneous	Necromancy	None	Healing	368,370	#368: 기본 효과와 비용; #370: 시전 시점·지속·집중·발동·높은 등급 주문 슬롯
spell-2286-true-seeing	True Seeing	https://www.dndbeyond.com/spells/2286-true-seeing	?	1 Action	Touch	V, S, M *	1 Hour	Divination	None	Detection	368,370,372	#368: 기본 효과와 비용; #370: 시전 시점·지속·집중·발동·높은 등급 주문 슬롯; #372: 비전투 변화·생성·정보 확인
spell-2287-true-strike	True Strike	https://www.dndbeyond.com/spells/2287-true-strike	Cantrip	1 Action	30 ft.	S	Concentration 1 Round	Divination	None	Foreknowledge	368,370,372	#368: 기본 효과와 비용; #370: 시전 시점·지속·집중·발동·높은 등급 주문 슬롯; #372: 비전투 변화·생성·정보 확인
spell-2288-unseen-servant	Unseen Servant	https://www.dndbeyond.com/spells/2288-unseen-servant	1st	1 Action Ritual	60 ft.	V, S, M *	1 Hour	Conjuration	None	Control	368,370	#368: 기본 효과와 비용; #370: 시전 시점·지속·집중·발동·높은 등급 주문 슬롯
spell-2289-vampiric-touch	Vampiric Touch	https://www.dndbeyond.com/spells/2289-vampiric-touch	3rd	1 Action	Self	V, S	Concentration 1 Minute	Necromancy	Melee	Necrotic	368,370	#368: 기본 효과와 비용; #370: 시전 시점·지속·집중·발동·높은 등급 주문 슬롯
spell-2290-vicious-mockery	Vicious Mockery	https://www.dndbeyond.com/spells/2290-vicious-mockery	Cantrip	1 Action	60 ft.	V	Instantaneous	Enchantment	WIS Save	Psychic	368	#368: 기본 효과와 비용
spell-2291-wall-of-fire	Wall of Fire	https://www.dndbeyond.com/spells/2291-wall-of-fire	4th	1 Action	120 ft.	V, S, M *	Concentration 1 Minute	Evocation	DEX Save	Fire	368,369,370	#368: 기본 효과와 비용; #369: 여러 대상 또는 공간 지정; #370: 시전 시점·지속·집중·발동·높은 등급 주문 슬롯
spell-2292-wall-of-force	Wall of Force	https://www.dndbeyond.com/spells/2292-wall-of-force	5th	1 Action	120 ft.	V, S, M *	Concentration 10 Minutes	Evocation	None	Control (...)	368,369,370	#368: 기본 효과와 비용; #369: 여러 대상 또는 공간 지정; #370: 시전 시점·지속·집중·발동·높은 등급 주문 슬롯
spell-2293-wall-of-ice	Wall of Ice	https://www.dndbeyond.com/spells/2293-wall-of-ice	6th	1 Action	120 ft.	V, S, M *	Concentration 10 Minutes	Evocation	DEX Save	Cold (...)	368,369,370	#368: 기본 효과와 비용; #369: 여러 대상 또는 공간 지정; #370: 시전 시점·지속·집중·발동·높은 등급 주문 슬롯
spell-2294-wall-of-stone	Wall of Stone	https://www.dndbeyond.com/spells/2294-wall-of-stone	5th	1 Action	120 ft.	V, S, M *	Concentration 10 Minutes	Evocation	None	Control	368,370	#368: 기본 효과와 비용; #370: 시전 시점·지속·집중·발동·높은 등급 주문 슬롯
spell-2295-wall-of-thorns	Wall of Thorns	https://www.dndbeyond.com/spells/2295-wall-of-thorns	6th	1 Action	120 ft.	V, S, M *	Concentration 10 Minutes	Conjuration	DEX Save	Piercing (...)	368,369,370	#368: 기본 효과와 비용; #369: 여러 대상 또는 공간 지정; #370: 시전 시점·지속·집중·발동·높은 등급 주문 슬롯
spell-2296-warding-bond	Warding Bond	https://www.dndbeyond.com/spells/2296-warding-bond	2nd	1 Action	Touch	V, S, M *	1 Hour	Abjuration	None	Buff (...)	368,370	#368: 기본 효과와 비용; #370: 시전 시점·지속·집중·발동·높은 등급 주문 슬롯
spell-2297-water-breathing	Water Breathing	https://www.dndbeyond.com/spells/2297-water-breathing	3rd	1 Action Ritual	30 ft.	V, S, M *	24 Hours	Transmutation	None	Buff	368,370	#368: 기본 효과와 비용; #370: 시전 시점·지속·집중·발동·높은 등급 주문 슬롯
spell-2298-water-walk	Water Walk	https://www.dndbeyond.com/spells/2298-water-walk	3rd	1 Action Ritual	30 ft.	V, S, M *	1 Hour	Transmutation	None	Movement	368,370,372	#368: 기본 효과와 비용; #370: 시전 시점·지속·집중·발동·높은 등급 주문 슬롯; #372: 비전투 변화·생성·정보 확인
spell-2299-web	Web	https://www.dndbeyond.com/spells/2299-web	2nd	1 Action	60 ft. (20 ft. )	V, S, M *	Concentration 1 Hour	Conjuration	DEX Save	Restrained	368,369,370,371	#368: 기본 효과와 비용; #369: 여러 대상 또는 공간 지정; #370: 시전 시점·지속·집중·발동·높은 등급 주문 슬롯; #371: 소환 또는 생물 조종
spell-2300-weird	Weird	https://www.dndbeyond.com/spells/2300-weird	9th	1 Action	120 ft. (30 ft. )	V, S	Concentration 1 Minute	Illusion	WIS Save	Psychic	368,369,370	#368: 기본 효과와 비용; #369: 여러 대상 또는 공간 지정; #370: 시전 시점·지속·집중·발동·높은 등급 주문 슬롯
spell-2301-wind-walk	Wind Walk	https://www.dndbeyond.com/spells/2301-wind-walk	6th	1 Minute	30 ft.	V, S, M *	8 Hours	Transmutation	None	Buff (...)	368,370	#368: 기본 효과와 비용; #370: 시전 시점·지속·집중·발동·높은 등급 주문 슬롯
spell-2302-wind-wall	Wind Wall	https://www.dndbeyond.com/spells/2302-wind-wall	3rd	1 Action	120 ft.	V, S, M *	Concentration 1 Minute	Evocation	STR Save	Bludgeoning	368,369,370	#368: 기본 효과와 비용; #369: 여러 대상 또는 공간 지정; #370: 시전 시점·지속·집중·발동·높은 등급 주문 슬롯
spell-2303-wish	Wish	https://www.dndbeyond.com/spells/2303-wish	9th	1 Action	Self	V	Instantaneous	Conjuration	None	Buff (...)	368	#368: 기본 효과와 비용
spell-2304-word-of-recall	Word of Recall	https://www.dndbeyond.com/spells/2304-word-of-recall	6th	1 Action	5 ft.	V	Instantaneous	Conjuration	None	Teleportation	368,372	#368: 기본 효과와 비용; #372: 비전투 변화·생성·정보 확인
spell-2305-zone-of-truth	Zone of Truth	https://www.dndbeyond.com/spells/2305-zone-of-truth	2nd	1 Action	60 ft. (15 ft. )	V, S	10 Minutes	Enchantment	CHA Save	Control	368,369,370	#368: 기본 효과와 비용; #369: 여러 대상 또는 공간 지정; #370: 시전 시점·지속·집중·발동·높은 등급 주문 슬롯
